Batter,Kind,count
A Ashish Reddy,bowled,5
A Ashish Reddy,caught,8
A Ashish Reddy,run out,2
A Badoni,bowled,4
A Badoni,caught,32
A Badoni,hit wicket,1
A Badoni,lbw,1
A Badoni,run out,4
A Badoni,stumped,4
A Chopra,caught,2
A Chopra,lbw,1
A Chopra,run out,2
A Chopra,stumped,1
A Choudhary,caught,1
A Flintoff,caught,1
A Flintoff,caught and bowled,1
A Kamboj,bowled,1
A Kamboj,caught,2
A Kumble,bowled,1
A Kumble,caught,1
A Kumble,run out,1
A Manohar,bowled,4
A Manohar,caught,13
A Manohar,hit wicket,1
A Manohar,stumped,1
A Mhatre,caught,12
A Mishra,bowled,9
A Mishra,caught,10
A Mishra,caught and bowled,1
A Mishra,lbw,1
A Mishra,obstructing the field,1
A Mishra,run out,10
A Mithun,bowled,1
A Mithun,caught,4
A Mukund,bowled,2
A Nehra,bowled,1
A Nehra,caught,5
A Nehra,run out,1
A Nel,run out,1
A Nortje,bowled,3
A Nortje,caught,3
A Nortje,run out,1
A Raghuvanshi,bowled,1
A Raghuvanshi,caught,20
A Raghuvanshi,lbw,2
A Raghuvanshi,obstructing the field,1
A Raghuvanshi,run out,2
A Singh,bowled,2
A Singh,caught and bowled,1
A Singh,stumped,1
A Symonds,bowled,7
A Symonds,caught,14
A Symonds,run out,4
A Symonds,stumped,2
A Tomar,caught,1
A Uniyal,bowled,1
A Zampa,bowled,1
A Zampa,caught,2
A Zampa,run out,2
AA Bilakhia,caught,2
AA Bilakhia,lbw,2
AA Bilakhia,stumped,1
AA Chavan,caught,1
AA Chavan,run out,1
AA Jhunjhunwala,bowled,2
AA Jhunjhunwala,caught,8
AA Jhunjhunwala,run out,3
AA Kulkarni,caught,3
AA Kulkarni,lbw,1
AA Noffke,run out,1
AB Agarkar,caught,6
AB Agarkar,caught and bowled,1
AB Agarkar,run out,3
AB Barath,caught,1
AB Barath,lbw,1
AB Dinda,bowled,3
AB Dinda,caught,4
AB Dinda,lbw,1
AB Dinda,run out,2
AB McDonald,bowled,1
AB McDonald,caught,3
AB McDonald,caught and bowled,1
AB de Villiers,bowled,24
AB de Villiers,caught,78
AB de Villiers,caught and bowled,2
AB de Villiers,lbw,6
AB de Villiers,run out,14
AB de Villiers,stumped,6
AC Blizzard,bowled,1
AC Blizzard,caught,6
AC Gilchrist,bowled,12
AC Gilchrist,caught,53
AC Gilchrist,caught and bowled,2
AC Gilchrist,lbw,4
AC Gilchrist,run out,2
AC Gilchrist,stumped,3
AC Thomas,bowled,1
AC Thomas,run out,1
AC Voges,caught,4
AD Hales,bowled,2
AD Hales,caught,3
AD Hales,lbw,1
AD Mascarenhas,bowled,3
AD Mascarenhas,caught,4
AD Mascarenhas,run out,2
AD Mathews,bowled,4
AD Mathews,caught,20
AD Mathews,lbw,2
AD Mathews,run out,4
AD Mathews,stumped,1
AD Nath,bowled,1
AD Nath,caught,8
AD Nath,lbw,1
AD Russell,bowled,21
AD Russell,caught,59
AD Russell,caught and bowled,3
AD Russell,lbw,1
AD Russell,run out,9
AD Russell,stumped,2
AF Milne,bowled,2
AF Milne,caught,2
AG Murtaza,stumped,1
AG Paunikar,bowled,1
AG Paunikar,caught,3
AG Paunikar,stumped,1
AJ Finch,bowled,24
AJ Finch,caught,44
AJ Finch,caught and bowled,2
AJ Finch,lbw,7
AJ Finch,run out,3
AJ Finch,stumped,3
AJ Turner,bowled,1
AJ Turner,caught,2
AJ Turner,caught and bowled,1
AJ Turner,lbw,1
AJ Tye,bowled,2
AJ Tye,caught,5
AJ Tye,lbw,1
AJ Tye,run out,1
AK Markram,bowled,11
AK Markram,caught,39
AK Markram,lbw,3
AK Markram,run out,1
AK Markram,stumped,2
AL Menaria,bowled,3
AL Menaria,caught,15
AL Menaria,caught and bowled,2
AL Menaria,run out,1
AM Nayar,bowled,4
AM Nayar,caught,21
AM Nayar,lbw,5
AM Nayar,run out,8
AM Rahane,bowled,22
AM Rahane,caught,114
AM Rahane,caught and bowled,9
AM Rahane,lbw,19
AM Rahane,run out,8
AM Rahane,stumped,6
AN Ahmed,bowled,1
AN Ghosh,caught,2
AP Dole,caught,2
AP Majumdar,bowled,1
AP Majumdar,caught,1
AP Majumdar,caught and bowled,1
AP Majumdar,stumped,1
AP Tare,bowled,4
AP Tare,caught,17
AP Tare,caught and bowled,1
AP Tare,run out,2
AR Patel,bowled,16
AR Patel,caught,62
AR Patel,caught and bowled,1
AR Patel,lbw,5
AR Patel,run out,9
AR Patel,stumped,3
AS Joseph,caught,1
AS Rajpoot,bowled,2
AS Rajpoot,caught,2
AS Rajpoot,run out,1
AS Raut,bowled,2
AS Raut,caught,3
AS Raut,lbw,1
AS Raut,run out,2
AS Raut,stumped,1
AS Roy,caught,5
AS Roy,caught and bowled,2
AS Roy,lbw,1
AS Yadav,bowled,1
AS Yadav,caught,4
AT Carey,caught,2
AT Rayudu,bowled,29
AT Rayudu,caught,92
AT Rayudu,caught and bowled,7
AT Rayudu,lbw,4
AT Rayudu,run out,15
AT Rayudu,stumped,7
AU Rashid,caught,1
AU Rashid,stumped,1
AUK Pathan,bowled,2
AUK Pathan,caught,2
AUK Pathan,lbw,1
Abdul Samad,bowled,7
Abdul Samad,caught,28
Abdul Samad,caught and bowled,4
Abdul Samad,lbw,2
Abdul Samad,run out,4
Abhishek Sharma,bowled,7
Abhishek Sharma,caught,69
Abhishek Sharma,caught and bowled,1
Abhishek Sharma,lbw,1
Abhishek Sharma,run out,2
Abhishek Sharma,stumped,1
Abishek Porel,bowled,5
Abishek Porel,caught,23
Abishek Porel,stumped,2
Akash Deep,caught,2
Akash Deep,caught and bowled,1
Akshat Raghuwanshi,caught,1
Akshat Raghuwanshi,caught and bowled,1
Aman Hakim Khan,bowled,2
Aman Hakim Khan,caught,7
Aniket Verma,caught,12
Aniket Verma,lbw,1
Aniket Verma,run out,2
Anirudh Singh,bowled,1
Anirudh Singh,caught,2
Anirudh Singh,caught and bowled,1
Ankit Sharma,caught,7
Ankit Soni,bowled,2
Anmolpreet Singh,bowled,1
Anmolpreet Singh,caught,6
Anmolpreet Singh,caught and bowled,1
Anmolpreet Singh,lbw,1
Anuj Rawat,bowled,1
Anuj Rawat,caught,9
Anuj Rawat,lbw,4
Anuj Rawat,run out,2
Anureet Singh,bowled,1
Anureet Singh,caught,3
Arjun Tendulkar,caught,1
Arshad Khan,bowled,1
Arshad Khan,caught,4
Arshad Khan,lbw,1
Arshad Khan (2),bowled,1
Arshdeep Singh,caught,3
Arshdeep Singh,run out,3
Ashutosh Sharma,bowled,1
Ashutosh Sharma,caught,13
Ashutosh Sharma,lbw,1
Ashutosh Sharma,run out,3
Ashutosh Sharma,stumped,1
Atharva Taide,bowled,1
Atharva Taide,caught,5
Atharva Taide,caught and bowled,2
Atharva Taide,lbw,1
Auqib Nabi,caught,1
Avesh Khan,bowled,2
Avesh Khan,caught,1
Avesh Khan,run out,1
Azhar Mahmood,bowled,2
Azhar Mahmood,caught,9
Azhar Mahmood,caught and bowled,1
Azhar Mahmood,lbw,3
Azhar Mahmood,run out,3
Azhar Mahmood,stumped,1
Azmatullah Omarzai,caught,10
B Akhil,bowled,1
B Akhil,caught,3
B Akhil,lbw,1
B Akhil,run out,1
B Chipli,bowled,4
B Chipli,caught,10
B Chipli,lbw,1
B Indrajith,caught,3
B Kumar,bowled,11
B Kumar,caught,19
B Kumar,caught and bowled,1
B Kumar,lbw,2
B Kumar,run out,5
B Laughlin,bowled,1
B Laughlin,caught,1
B Lee,bowled,1
B Lee,caught,6
B Lee,run out,3
B Sai Sudharsan,bowled,3
B Sai Sudharsan,caught,39
B Sai Sudharsan,caught and bowled,1
B Sai Sudharsan,hit wicket,3
B Sai Sudharsan,lbw,3
B Sai Sudharsan,run out,2
B Sumanth,bowled,1
BA Bhatt,run out,1
BA Stokes,bowled,13
BA Stokes,caught,21
BA Stokes,caught and bowled,4
BAW Mendis,bowled,1
BAW Mendis,lbw,1
BB McCullum,bowled,17
BB McCullum,caught,62
BB McCullum,caught and bowled,1
BB McCullum,lbw,16
BB McCullum,run out,5
BB McCullum,stumped,3
BB Samantray,bowled,1
BB Samantray,caught,2
BB Samantray,lbw,1
BB Samantray,run out,1
BB Sran,run out,1
BCJ Cutting,bowled,2
BCJ Cutting,caught,6
BCJ Cutting,lbw,1
BCJ Cutting,run out,1
BCJ Cutting,stumped,1
BE Hendricks,bowled,1
BJ Haddin,caught,1
BJ Hodge,bowled,9
BJ Hodge,caught,23
BJ Hodge,lbw,6
BJ Hodge,run out,2
BJ Hodge,stumped,2
BJ Rohrer,bowled,4
BJ Rohrer,caught,3
BKG Mendis,hit wicket,1
BMAJ Mendis,caught,1
BMAJ Mendis,caught and bowled,1
BMAJ Mendis,run out,1
BR Dunk,bowled,1
BR Dunk,caught,2
BR Sharath,caught,1
Basil Thampi,bowled,1
Bipul Sharma,bowled,1
Bipul Sharma,caught,4
Bipul Sharma,run out,3
C Bosch,caught,2
C Bosch,run out,1
C Connolly,bowled,3
C Connolly,caught,8
C Green,bowled,10
C Green,caught,14
C Green,caught and bowled,1
C Green,run out,1
C Green,stumped,1
C Madan,caught,1
C Munro,bowled,2
C Munro,caught,5
C Munro,lbw,2
C Munro,run out,3
C Nanda,run out,1
C Sakariya,bowled,1
C Sakariya,caught,3
C Sakariya,caught and bowled,1
C Sakariya,run out,1
C de Grandhomme,bowled,3
C de Grandhomme,caught,9
C de Grandhomme,lbw,1
C de Grandhomme,run out,2
C de Grandhomme,stumped,1
CA Ingram,bowled,2
CA Ingram,caught,7
CA Ingram,lbw,2
CA Ingram,run out,1
CA Lynn,bowled,9
CA Lynn,caught,21
CA Lynn,caught and bowled,4
CA Lynn,lbw,3
CA Lynn,run out,2
CA Pujara,bowled,4
CA Pujara,caught,12
CA Pujara,lbw,1
CA Pujara,run out,2
CH Gayle,bowled,25
CH Gayle,caught,82
CH Gayle,caught and bowled,4
CH Gayle,lbw,10
CH Gayle,run out,2
CH Gayle,stumped,3
CH Morris,bowled,6
CH Morris,caught,15
CH Morris,caught and bowled,1
CH Morris,lbw,2
CH Morris,run out,3
CH Morris,stumped,1
CJ Anderson,bowled,4
CJ Anderson,caught,11
CJ Anderson,lbw,1
CJ Anderson,run out,3
CJ Anderson,stumped,3
CJ Ferguson,caught,1
CJ Ferguson,caught and bowled,2
CJ Ferguson,lbw,1
CJ Ferguson,run out,1
CJ Ferguson,stumped,1
CJ Jordan,bowled,1
CJ Jordan,caught,6
CJ Jordan,caught and bowled,1
CJ Jordan,run out,2
CJ McKay,caught,1
CK Kapugedera,caught,3
CK Langeveldt,bowled,2
CL White,bowled,4
CL White,caught,22
CL White,caught and bowled,3
CL White,lbw,1
CL White,run out,5
CL White,stumped,1
CM Gautam,caught,7
CM Gautam,lbw,1
CM Gautam,run out,1
CM Gautam,stumped,1
CR Brathwaite,bowled,1
CR Brathwaite,caught,9
CR Brathwaite,caught and bowled,1
CR Brathwaite,lbw,1
CR Brathwaite,run out,1
CR Woakes,caught,4
CR Woakes,run out,1
CR Woakes,stumped,1
CV Varun,bowled,2
CV Varun,caught,1
CV Varun,run out,3
D Brevis,bowled,5
D Brevis,caught,15
D Brevis,caught and bowled,1
D Brevis,lbw,2
D Brevis,stumped,1
D Ferreira,bowled,2
D Ferreira,caught,7
D Ferreira,caught and bowled,1
D Ferreira,lbw,1
D Ferreira,run out,1
D Kalyankrishna,caught,1
D Padikkal,bowled,24
D Padikkal,caught,54
D Padikkal,caught and bowled,2
D Padikkal,lbw,4
D Padikkal,run out,1
D Pretorius,caught,2
D Pretorius,lbw,2
D Salunkhe,caught and bowled,1
D Salunkhe,run out,1
D Wiese,caught,4
D Wiese,lbw,1
D du Preez,caught,1
DA Miller,bowled,20
DA Miller,caught,58
DA Miller,caught and bowled,1
DA Miller,lbw,8
DA Miller,run out,3
DA Miller,stumped,3
DA Warner,bowled,30
DA Warner,caught,105
DA Warner,caught and bowled,4
DA Warner,hit wicket,1
DA Warner,lbw,9
DA Warner,run out,10
DA Warner,stumped,5
DB Das,bowled,4
DB Das,caught,4
DB Das,caught and bowled,1
DB Das,lbw,3
DB Das,run out,2
DB Ravi Teja,bowled,5
DB Ravi Teja,caught,9
DB Ravi Teja,caught and bowled,1
DB Ravi Teja,lbw,2
DB Ravi Teja,run out,1
DB Ravi Teja,stumped,1
DE Bollinger,caught,1
DG Nalkande,caught,1
DG Nalkande,run out,1
DH Yagnik,bowled,4
DH Yagnik,caught,3
DH Yagnik,caught and bowled,2
DH Yagnik,run out,1
DJ Bravo,bowled,12
DJ Bravo,caught,44
DJ Bravo,caught and bowled,4
DJ Bravo,lbw,6
DJ Bravo,run out,2
DJ Bravo,stumped,1
DJ Harris,caught,3
DJ Harris,run out,1
DJ Hooda,bowled,8
DJ Hooda,caught,52
DJ Hooda,caught and bowled,3
DJ Hooda,hit wicket,1
DJ Hooda,lbw,6
DJ Hooda,run out,10
DJ Hooda,stumped,5
DJ Hussey,bowled,9
DJ Hussey,caught,32
DJ Hussey,lbw,1
DJ Hussey,run out,6
DJ Hussey,stumped,1
DJ Jacobs,bowled,6
DJ Jacobs,caught,1
DJ Malan,bowled,1
DJ Mitchell,bowled,1
DJ Mitchell,caught,9
DJ Mitchell,caught and bowled,1
DJ Mitchell,lbw,2
DJ Muthuswami,run out,1
DJ Thornely,bowled,1
DJ Thornely,lbw,1
DJ Willey,bowled,1
DJ Willey,caught,1
DJG Sammy,bowled,1
DJG Sammy,caught,10
DJG Sammy,lbw,2
DJG Sammy,run out,1
DJG Sammy,stumped,1
DJM Short,bowled,1
DJM Short,caught,4
DJM Short,run out,2
DL Chahar,caught,7
DL Chahar,lbw,1
DL Chahar,stumped,2
DL Vettori,bowled,4
DL Vettori,caught,1
DL Vettori,caught and bowled,1
DL Vettori,run out,2
DNT Zoysa,bowled,1
DP Conway,bowled,5
DP Conway,caught,14
DP Conway,lbw,5
DP Nannes,bowled,1
DPMD Jayawardene,bowled,6
DPMD Jayawardene,caught,39
DPMD Jayawardene,caught and bowled,2
DPMD Jayawardene,lbw,6
DPMD Jayawardene,run out,8
DPMD Jayawardene,stumped,3
DR Martyn,bowled,1
DR Sams,bowled,1
DR Sams,caught,6
DR Sams,lbw,2
DR Shorey,caught,2
DR Smith,bowled,18
DR Smith,caught,48
DR Smith,caught and bowled,1
DR Smith,lbw,12
DR Smith,run out,5
DS Kulkarni,bowled,3
DS Kulkarni,caught and bowled,1
DS Kulkarni,lbw,1
DS Kulkarni,run out,4
DS Lehmann,lbw,2
DS Rathi,bowled,1
DT Christian,bowled,5
DT Christian,caught,17
DT Christian,lbw,4
DT Christian,run out,4
DT Christian,stumped,1
DT Patil,caught,1
DT Patil,run out,1
DV Malewar,caught,1
DV Malewar,lbw,1
DW Steyn,bowled,8
DW Steyn,caught,8
DW Steyn,caught and bowled,1
DW Steyn,lbw,2
DW Steyn,run out,3
Dhruv Jurel,bowled,7
Dhruv Jurel,caught,22
Dhruv Jurel,caught and bowled,1
Dhruv Jurel,lbw,4
Dhruv Jurel,run out,3
Dhruv Jurel,stumped,1
E Lewis,bowled,3
E Lewis,caught,17
E Lewis,lbw,3
E Lewis,stumped,1
E Malinga,caught,1
EJG Morgan,bowled,8
EJG Morgan,caught,42
EJG Morgan,lbw,3
EJG Morgan,run out,8
EJG Morgan,stumped,1
ER Dwivedi,caught,2
F Behardien,caught,2
F du Plessis,bowled,15
F du Plessis,caught,97
F du Plessis,caught and bowled,3
F du Plessis,lbw,2
F du Plessis,run out,12
F du Plessis,stumped,7
FA Allen,caught,2
FH Allen,bowled,2
FH Allen,caught,7
FH Allen,caught and bowled,1
FH Edwards,bowled,1
FY Fazal,caught,4
FY Fazal,lbw,2
FY Fazal,run out,4
G Coetzee,bowled,2
G Coetzee,caught,3
G Coetzee,caught and bowled,1
G Gambhir,bowled,27
G Gambhir,caught,80
G Gambhir,caught and bowled,4
G Gambhir,lbw,7
G Gambhir,run out,16
G Gambhir,stumped,2
GB Hogg,caught,2
GB Hogg,run out,1
GC Smith,bowled,2
GC Smith,caught,20
GC Smith,caught and bowled,1
GC Smith,lbw,1
GC Smith,stumped,2
GC Viljoen,caught,2
GD McGrath,caught,1
GD Phillips,bowled,3
GD Phillips,caught,7
GD Phillips,caught and bowled,1
GF Linde,caught,3
GH Vihari,bowled,1
GH Vihari,caught,17
GH Vihari,run out,1
GH Vihari,stumped,1
GHS Garton,bowled,1
GJ Bailey,bowled,4
GJ Bailey,caught,16
GJ Bailey,lbw,1
GJ Bailey,run out,4
GJ Bailey,stumped,2
GJ Maxwell,bowled,26
GJ Maxwell,caught,76
GJ Maxwell,caught and bowled,3
GJ Maxwell,lbw,8
GJ Maxwell,run out,5
GR Napier,caught,1
Gulbadin Naib,caught,1
Gurkeerat Singh,bowled,4
Gurkeerat Singh,caught,12
Gurkeerat Singh,caught and bowled,2
Gurkeerat Singh,lbw,2
Gurkeerat Singh,run out,2
Gurkeerat Singh,stumped,2
H Das,run out,1
H Klaasen,bowled,12
H Klaasen,caught,35
H Klaasen,lbw,1
H Klaasen,run out,1
H Klaasen,stumped,1
HC Brook,bowled,4
HC Brook,caught,3
HC Brook,lbw,1
HC Brook,stumped,1
HE van der Dussen,bowled,1
HE van der Dussen,caught,1
HH Gibbs,bowled,7
HH Gibbs,caught,16
HH Gibbs,caught and bowled,1
HH Gibbs,lbw,3
HH Gibbs,run out,3
HH Gibbs,stumped,2
HH Pandya,bowled,8
HH Pandya,caught,86
HH Pandya,caught and bowled,1
HH Pandya,hit wicket,1
HH Pandya,lbw,6
HH Pandya,run out,4
HH Pandya,stumped,1
HM Amla,caught,8
HM Amla,caught and bowled,1
HM Amla,lbw,3
HM Amla,run out,1
HR Shokeen,bowled,1
HR Shokeen,caught,2
HV Patel,bowled,8
HV Patel,caught,17
HV Patel,caught and bowled,1
HV Patel,lbw,1
HV Patel,run out,5
Harbhajan Singh,bowled,7
Harbhajan Singh,caught,33
Harbhajan Singh,lbw,6
Harbhajan Singh,run out,7
Harmeet Singh,caught,1
Harmeet Singh,lbw,1
Harmeet Singh,run out,2
Harpreet Brar,bowled,5
Harpreet Brar,caught,5
Harpreet Brar,run out,2
Harpreet Singh,bowled,1
Harpreet Singh,caught,2
Harpreet Singh,caught and bowled,2
Harpreet Singh,run out,2
Harsh Dubey,bowled,1
Harsh Dubey,caught,1
Harshit Rana,bowled,1
Harshit Rana,caught,2
Harshit Rana,caught and bowled,1
Harshit Rana,run out,2
Himmat Singh,bowled,2
Himmat Singh,caught,1
I Sharma,bowled,2
I Sharma,caught,2
I Sharma,caught and bowled,1
I Sharma,run out,1
I Udana,caught,3
IC Pandey,bowled,1
IK Pathan,bowled,8
IK Pathan,caught,31
IK Pathan,caught and bowled,1
IK Pathan,lbw,1
IK Pathan,run out,9
IK Pathan,stumped,3
IR Jaggi,bowled,1
IR Jaggi,caught,4
IS Sodhi,caught,2
Imran Tahir,bowled,1
Imran Tahir,caught,2
Imran Tahir,run out,1
Iqbal Abdulla,caught,1
Iqbal Abdulla,run out,1
Ishan Kishan,bowled,15
Ishan Kishan,caught,89
Ishan Kishan,caught and bowled,2
Ishan Kishan,lbw,3
Ishan Kishan,run out,7
Ishan Kishan,stumped,2
J Arunkumar,caught,2
J Arunkumar,run out,1
J Botha,bowled,4
J Botha,caught,9
J Botha,caught and bowled,2
J Botha,lbw,3
J Botha,run out,2
J Fraser-McGurk,caught,13
J Fraser-McGurk,caught and bowled,1
J Fraser-McGurk,run out,1
J Overton,caught,4
J Overton,run out,1
J Suchith,caught,2
J Suchith,run out,1
J Suchith,stumped,1
J Syed Mohammad,caught,2
J Theron,caught,1
J Theron,run out,1
J Yadav,caught,1
J Yadav,caught and bowled,1
J Yadav,run out,2
JA Morkel,bowled,10
JA Morkel,caught,25
JA Morkel,caught and bowled,1
JA Morkel,run out,4
JA Richardson,bowled,1
JA Richardson,caught,2
JC Archer,bowled,2
JC Archer,caught,18
JC Archer,caught and bowled,1
JC Archer,lbw,1
JC Archer,run out,3
JC Buttler,bowled,27
JC Buttler,caught,69
JC Buttler,caught and bowled,3
JC Buttler,lbw,9
JC Buttler,run out,5
JC Buttler,stumped,5
JD Ryder,bowled,7
JD Ryder,caught,17
JD Ryder,caught and bowled,1
JD Ryder,run out,2
JD Ryder,stumped,1
JD Unadkat,bowled,2
JD Unadkat,caught,8
JD Unadkat,caught and bowled,1
JD Unadkat,lbw,1
JD Unadkat,run out,4
JDP Oram,bowled,2
JDP Oram,caught,5
JDP Oram,caught and bowled,1
JDS Neesham,caught,7
JDS Neesham,caught and bowled,1
JDS Neesham,run out,1
JE Root,lbw,1
JE Taylor,run out,1
JEC Franklin,bowled,1
JEC Franklin,caught,10
JG Bethell,bowled,1
JG Bethell,caught,7
JG Bethell,caught and bowled,1
JH Kallis,bowled,16
JH Kallis,caught,60
JH Kallis,caught and bowled,1
JH Kallis,lbw,3
JH Kallis,run out,5
JJ Bumrah,bowled,1
JJ Bumrah,caught,5
JJ Bumrah,run out,2
JJ Roy,bowled,5
JJ Roy,caught,12
JJ Roy,caught and bowled,1
JJ Roy,stumped,1
JJ van der Wath,caught,1
JJ van der Wath,lbw,1
JL Denly,bowled,1
JL Pattinson,caught,1
JM Bairstow,bowled,12
JM Bairstow,caught,29
JM Bairstow,hit wicket,1
JM Bairstow,lbw,4
JM Bairstow,run out,2
JM Kemp,bowled,1
JM Kemp,stumped,1
JM Sharma,bowled,6
JM Sharma,caught,35
JM Sharma,caught and bowled,1
JM Sharma,lbw,5
JM Sharma,stumped,1
JO Holder,caught,23
JO Holder,lbw,1
JO Holder,run out,2
JP Duminy,bowled,10
JP Duminy,caught,30
JP Duminy,caught and bowled,3
JP Duminy,lbw,1
JP Duminy,run out,6
JP Duminy,stumped,1
JP Faulkner,bowled,6
JP Faulkner,caught,18
JP Faulkner,caught and bowled,1
JP Faulkner,run out,1
JP Inglis,bowled,3
JP Inglis,caught,9
JP Inglis,lbw,1
JP Inglis,stumped,1
JPR Scantlebury-Searles,caught,1
JR Hazlewood,run out,1
JR Hopes,caught,13
JR Hopes,lbw,2
JR Hopes,run out,1
JR Philippe,caught,2
JR Philippe,lbw,1
JR Philippe,stumped,1
Jaskaran Singh,caught,1
Joginder Sharma,bowled,1
Joginder Sharma,caught,1
Joginder Sharma,caught and bowled,1
Joginder Sharma,run out,1
K Goel,bowled,2
K Goel,caught,7
K Goel,lbw,1
K Goel,run out,4
K Goel,stumped,1
K Gowtham,caught,14
K Gowtham,lbw,1
K Gowtham,run out,3
K Kartikeya,caught,2
K Kartikeya,run out,2
K Rabada,bowled,6
K Rabada,caught,9
K Rabada,run out,4
K Rabada,stumped,1
KA Jamieson,caught,1
KA Jamieson,lbw,1
KA Jamieson,run out,3
KA Maharaj,caught,1
KA Pollard,bowled,20
KA Pollard,caught,86
KA Pollard,lbw,8
KA Pollard,run out,6
KA Pollard,stumped,1
KAJ Roach,bowled,1
KB Arun Karthik,bowled,1
KB Arun Karthik,caught,2
KB Arun Karthik,run out,1
KB Arun Karthik,stumped,1
KC Cariappa,bowled,3
KC Sangakkara,bowled,14
KC Sangakkara,caught,40
KC Sangakkara,caught and bowled,4
KC Sangakkara,lbw,2
KC Sangakkara,run out,2
KC Sangakkara,stumped,3
KD Karthik,bowled,26
KD Karthik,caught,118
KD Karthik,caught and bowled,3
KD Karthik,lbw,18
KD Karthik,run out,15
KD Karthik,stumped,4
KH Pandya,bowled,7
KH Pandya,caught,59
KH Pandya,caught and bowled,6
KH Pandya,hit wicket,1
KH Pandya,lbw,3
KH Pandya,run out,6
KH Pandya,stumped,3
KJ Abbott,caught,1
KK Ahmed,bowled,3
KK Ahmed,caught,1
KK Ahmed,run out,1
KK Cooper,bowled,1
KK Cooper,caught,7
KK Cooper,stumped,1
KK Nair,bowled,15
KK Nair,caught,44
KK Nair,caught and bowled,1
KK Nair,lbw,8
KK Nair,run out,3
KK Nair,stumped,2
KL Nagarkoti,bowled,2
KL Nagarkoti,caught,2
KL Rahul,bowled,19
KL Rahul,caught,93
KL Rahul,caught and bowled,1
KL Rahul,lbw,9
KL Rahul,run out,4
KL Rahul,stumped,2
KM Asif,caught,1
KM Jadhav,bowled,7
KM Jadhav,caught,30
KM Jadhav,caught and bowled,2
KM Jadhav,lbw,6
KM Jadhav,run out,7
KM Jadhav,stumped,2
KMA Paul,bowled,2
KMA Paul,caught,1
KMA Paul,lbw,1
KMA Paul,run out,1
KP Appanna,run out,1
KP Pietersen,bowled,8
KP Pietersen,caught,12
KP Pietersen,lbw,2
KP Pietersen,run out,2
KP Pietersen,stumped,3
KR Mayers,bowled,4
KR Mayers,caught,9
KS Bharat,caught,7
KS Rathore,caught,1
KS Sharma,caught,2
KS Sharma,caught and bowled,1
KS Williamson,bowled,8
KS Williamson,caught,40
KS Williamson,caught and bowled,2
KS Williamson,lbw,4
KS Williamson,run out,4
KS Williamson,stumped,2
KV Sharma,bowled,2
KV Sharma,caught,18
KV Sharma,caught and bowled,1
KV Sharma,lbw,1
KV Sharma,run out,4
KW Richardson,caught,2
KW Richardson,caught and bowled,1
Kamran Akmal,caught,3
Kamran Akmal,run out,2
Kamran Khan,caught,1
Karanveer Singh,bowled,1
Kartik Sharma,caught,6
Kartik Sharma,lbw,2
Kartik Sharma,run out,1
Kartik Tyagi,bowled,2
Kartik Tyagi,caught,3
Kartik Tyagi,caught and bowled,1
Kartik Tyagi,run out,1
Krish Bhagat,caught,1
Kuldeep Yadav,bowled,3
Kuldeep Yadav,caught,4
Kuldeep Yadav,lbw,3
Kuldeep Yadav,run out,8
Kumar Kushagra,caught,3
Kumar Kushagra,lbw,1
L Balaji,bowled,1
L Balaji,caught,3
L Balaji,lbw,2
L Balaji,run out,2
L Ngidi,caught,2
L Ronchi,caught,2
L Ronchi,run out,3
LA Carseldine,lbw,1
LA Carseldine,run out,2
LA Carseldine,stumped,1
LA Pomersbach,bowled,4
LA Pomersbach,caught,5
LA Pomersbach,caught and bowled,1
LA Pomersbach,run out,1
LE Plunkett,caught,1
LG Pretorius,caught,1
LG Pretorius,run out,1
LH Ferguson,caught,2
LH Ferguson,run out,1
LJ Wright,caught,4
LJ Wright,run out,1
LMP Simmons,bowled,6
LMP Simmons,caught,16
LMP Simmons,caught and bowled,1
LMP Simmons,lbw,3
LMP Simmons,run out,1
LPC Silva,caught,2
LR Shukla,bowled,6
LR Shukla,caught,16
LR Shukla,lbw,2
LR Shukla,run out,2
LR Shukla,stumped,1
LRPL Taylor,bowled,6
LRPL Taylor,caught,24
LRPL Taylor,caught and bowled,2
LRPL Taylor,lbw,5
LRPL Taylor,run out,2
LRPL Taylor,stumped,1
LS Livingstone,bowled,7
LS Livingstone,caught,25
LS Livingstone,caught and bowled,1
LS Livingstone,lbw,5
LS Livingstone,run out,1
LS Livingstone,stumped,3
Lalit Yadav,bowled,5
Lalit Yadav,caught,7
Lalit Yadav,lbw,3
Lalit Yadav,run out,1
Liton Das,caught,1
M Ashwin,caught,5
M Ashwin,run out,3
M Ashwin,stumped,1
M Jansen,bowled,4
M Jansen,caught,11
M Kaif,bowled,3
M Kaif,caught,9
M Kaif,caught and bowled,1
M Kaif,lbw,1
M Kaif,run out,2
M Kaif,stumped,2
M Kartik,bowled,1
M Kartik,caught,2
M Kartik,caught and bowled,2
M Kartik,run out,2
M Klinger,bowled,1
M Klinger,caught,2
M Klinger,lbw,1
M Manhas,bowled,6
M Manhas,caught,14
M Manhas,caught and bowled,1
M Manhas,run out,2
M Markande,bowled,1
M Markande,caught,1
M Markande,lbw,1
M Morkel,bowled,3
M Morkel,caught,6
M Morkel,run out,1
M Morkel,stumped,1
M Muralitharan,bowled,1
M Muralitharan,caught,2
M Muralitharan,lbw,1
M Muralitharan,run out,2
M Ntini,bowled,1
M Prasidh Krishna,caught,1
M Prasidh Krishna,run out,2
M Rawat,bowled,1
M Rawat,caught,3
M Rawat,caught and bowled,1
M Shahrukh Khan,bowled,5
M Shahrukh Khan,caught,21
M Shahrukh Khan,lbw,3
M Shahrukh Khan,run out,6
M Shahrukh Khan,stumped,3
M Theekshana,caught,3
M Tiwari,bowled,1
M Vijay,bowled,19
M Vijay,caught,52
M Vijay,caught and bowled,3
M Vijay,lbw,10
M Vijay,run out,12
M Vijay,stumped,5
M Vohra,bowled,9
M Vohra,caught,26
M Vohra,caught and bowled,5
M Vohra,lbw,5
M Vohra,run out,4
M de Lange,caught,1
MA Agarwal,bowled,22
MA Agarwal,caught,84
MA Agarwal,caught and bowled,3
MA Agarwal,lbw,4
MA Agarwal,run out,4
MA Agarwal,stumped,3
MA Khote,caught,1
MA Khote,hit wicket,1
MA Starc,bowled,2
MA Starc,caught,7
MA Starc,run out,3
MA Wood,bowled,1
MA Wood,caught,1
MC Henriques,bowled,5
MC Henriques,caught,20
MC Henriques,caught and bowled,3
MC Henriques,lbw,2
MC Henriques,run out,1
MC Henriques,stumped,5
MC Juneja,caught,5
MC Juneja,lbw,1
MC Juneja,run out,1
MD Choudhary,bowled,1
MD Choudhary,caught,4
MD Choudhary,caught and bowled,1
MD Mishra,bowled,2
MD Mishra,caught,7
MD Mishra,lbw,3
MD Mishra,run out,2
MD Mishra,stumped,2
MD Shanaka,caught,6
MD Shanaka,run out,1
MDKJ Perera,caught,1
MDKJ Perera,lbw,1
MEK Hussey,bowled,15
MEK Hussey,caught,29
MEK Hussey,lbw,2
MEK Hussey,run out,4
MEK Hussey,stumped,1
MF Maharoof,bowled,3
MF Maharoof,caught,4
MF Maharoof,run out,2
MF Maharoof,stumped,1
MG Bracewell,caught,1
MG Bracewell,caught and bowled,1
MG Johnson,bowled,6
MG Johnson,caught,6
MG Johnson,stumped,1
MJ Clarke,bowled,1
MJ Clarke,caught,1
MJ Clarke,lbw,2
MJ Clarke,run out,1
MJ Clarke,stumped,1
MJ Guptill,caught,10
MJ Guptill,lbw,2
MJ Henry,caught,1
MJ Henry,caught and bowled,1
MJ Lumb,bowled,1
MJ Lumb,caught,6
MJ Lumb,lbw,1
MJ Lumb,run out,2
MJ Lumb,stumped,2
MJ McClenaghan,bowled,2
MJ McClenaghan,caught,6
MJ McClenaghan,lbw,1
MJ McClenaghan,run out,3
MJ McClenaghan,stumped,1
MJ Owen,caught,1
MJ Santner,bowled,2
MJ Santner,caught,5
MJ Santner,lbw,1
MJ Suthar,caught,1
MK Lomror,bowled,3
MK Lomror,caught,21
MK Lomror,caught and bowled,1
MK Lomror,lbw,2
MK Lomror,stumped,2
MK Pandey,bowled,32
MK Pandey,caught,80
MK Pandey,caught and bowled,6
MK Pandey,lbw,9
MK Pandey,run out,8
MK Pandey,stumped,2
MK Tiwary,bowled,11
MK Tiwary,caught,30
MK Tiwary,caught and bowled,1
MK Tiwary,lbw,7
MK Tiwary,run out,6
MK Tiwary,stumped,4
ML Hayden,bowled,7
ML Hayden,caught,17
ML Hayden,caught and bowled,1
ML Hayden,lbw,1
ML Hayden,run out,3
ML Hayden,stumped,2
MM Ali,bowled,7
MM Ali,caught,34
MM Ali,caught and bowled,2
MM Ali,run out,5
MM Ali,stumped,5
MM Patel,bowled,1
MM Patel,caught,2
MM Patel,lbw,1
MM Patel,run out,2
MM Sharma,bowled,3
MM Sharma,caught,10
MM Sharma,run out,5
MN Samuels,bowled,5
MN Samuels,caught,5
MN Samuels,run out,3
MN van Wyk,bowled,1
MN van Wyk,caught,2
MP Breetzke,bowled,1
MP Stoinis,bowled,12
MP Stoinis,caught,53
MP Stoinis,caught and bowled,2
MP Stoinis,lbw,3
MP Stoinis,run out,5
MP Stoinis,stumped,3
MP Yadav,caught,1
MR Marsh,bowled,11
MR Marsh,caught,40
MR Marsh,caught and bowled,2
MR Marsh,lbw,2
MR Marsh,run out,5
MS Bhandage,lbw,1
MS Bisla,bowled,9
MS Bisla,caught,18
MS Bisla,lbw,2
MS Bisla,run out,5
MS Bisla,stumped,4
MS Dhoni,bowled,20
MS Dhoni,caught,98
MS Dhoni,caught and bowled,4
MS Dhoni,lbw,7
MS Dhoni,run out,10
MS Dhoni,stumped,3
MS Gony,bowled,4
MS Gony,caught,4
MS Gony,run out,2
MS Wade,bowled,4
MS Wade,caught,6
MS Wade,lbw,3
MS Wade,run out,1
MV Boucher,bowled,3
MV Boucher,caught,8
MV Boucher,lbw,2
MV Boucher,run out,1
MW Short,bowled,3
MW Short,caught,5
MW Short,lbw,1
Mandeep Singh,bowled,17
Mandeep Singh,caught,52
Mandeep Singh,caught and bowled,1
Mandeep Singh,lbw,3
Mandeep Singh,run out,4
Mandeep Singh,stumped,5
Mayank Dagar,run out,1
Misbah-ul-Haq,caught,4
Misbah-ul-Haq,hit wicket,1
Misbah-ul-Haq,lbw,2
Mohammad Ashraful,caught,1
Mohammad Asif,caught,1
Mohammad Asif,run out,1
Mohammad Hafeez,bowled,1
Mohammad Hafeez,caught,6
Mohammad Nabi,bowled,4
Mohammad Nabi,caught,10
Mohammad Nabi,caught and bowled,1
Mohammad Nabi,run out,2
Mohammed Shami,bowled,3
Mohammed Shami,caught,11
Mohammed Shami,lbw,1
Mohammed Shami,run out,3
Mohammed Shami,stumped,1
Mohammed Siraj,bowled,1
Mohammed Siraj,caught,7
Mohammed Siraj,lbw,2
Mohammed Siraj,run out,2
Mohsin Khan,bowled,2
Mohsin Khan,caught,2
Mohsin Khan,run out,1
Mujeeb Ur Rahman,bowled,1
Mujeeb Ur Rahman,caught,2
Mukesh Choudhary,run out,1
Mukesh Kumar,caught,1
Musheer Khan,lbw,1
Mustafizur Rahman,bowled,1
Mustafizur Rahman,caught,1
N Burger,run out,1
N Jagadeesan,caught,7
N Jagadeesan,lbw,1
N Jagadeesan,run out,1
N Pooran,bowled,12
N Pooran,caught,58
N Pooran,caught and bowled,2
N Pooran,lbw,7
N Pooran,run out,4
N Rana,bowled,6
N Rana,caught,88
N Rana,caught and bowled,2
N Rana,lbw,7
N Rana,run out,5
N Rana,stumped,3
N Saini,bowled,1
N Saini,caught,5
N Saini,caught and bowled,2
N Saini,lbw,2
N Sindhu,caught,4
N Sindhu,caught and bowled,1
N Wadhera,bowled,8
N Wadhera,caught,22
N Wadhera,lbw,1
N Wadhera,run out,2
ND Doshi,caught,1
NJ Maddinson,bowled,2
NJ Maddinson,caught,1
NK Patel,bowled,2
NK Patel,caught,2
NL McCullum,caught,1
NLTC Perera,bowled,4
NLTC Perera,caught,17
NLTC Perera,run out,1
NM Coulter-Nile,bowled,3
NM Coulter-Nile,caught,6
NM Coulter-Nile,lbw,1
NM Coulter-Nile,run out,1
NS Naik,bowled,1
NS Naik,caught,2
NS Naik,lbw,1
NT Ellis,bowled,3
NT Ellis,caught,1
NV Ojha,bowled,9
NV Ojha,caught,54
NV Ojha,caught and bowled,1
NV Ojha,lbw,2
NV Ojha,run out,6
NV Ojha,stumped,3
Naman Dhir,bowled,6
Naman Dhir,caught,17
Naman Dhir,lbw,3
Navdeep Saini,bowled,1
Navdeep Saini,caught,3
Naveen-ul-Haq,caught,1
Nithish Kumar Reddy,bowled,2
Nithish Kumar Reddy,caught,24
Nithish Kumar Reddy,lbw,1
Noor Ahmad,bowled,2
Noor Ahmad,caught,7
Noor Ahmad,caught and bowled,1
Noor Ahmad,run out,1
OA Shah,bowled,3
OA Shah,caught,5
OA Shah,run out,5
OA Shah,stumped,2
OC McCoy,run out,1
OF Smith,caught,2
OF Smith,caught and bowled,1
P Awana,caught,2
P Chopra,caught,1
P Dogra,bowled,2
P Dogra,caught,4
P Dogra,run out,4
P Dogra,stumped,1
P Dubey,bowled,1
P Kumar,bowled,15
P Kumar,caught,11
P Kumar,caught and bowled,1
P Kumar,lbw,1
P Kumar,run out,10
P Negi,bowled,4
P Negi,caught,15
P Negi,lbw,1
P Negi,run out,4
P Negi,stumped,2
P Nissanka,caught,7
P Nissanka,lbw,2
P Nissanka,stumped,1
P Ray Barman,caught,1
P Sahu,run out,1
P Simran Singh,bowled,5
P Simran Singh,caught,48
P Simran Singh,caught and bowled,1
P Simran Singh,lbw,6
P Simran Singh,run out,2
P Simran Singh,stumped,1
PA Patel,bowled,22
PA Patel,caught,71
PA Patel,caught and bowled,5
PA Patel,lbw,12
PA Patel,run out,10
PA Patel,stumped,6
PA Reddy,bowled,2
PA Reddy,caught,6
PA Reddy,run out,1
PA Reddy,stumped,1
PBB Rajapaksa,bowled,1
PBB Rajapaksa,caught,9
PBB Rajapaksa,lbw,1
PBB Rajapaksa,run out,1
PC Valthaty,bowled,3
PC Valthaty,caught,18
PC Valthaty,run out,1
PD Collingwood,caught,2
PD Collingwood,lbw,1
PD Collingwood,run out,2
PD Salt,bowled,7
PD Salt,caught,25
PD Salt,caught and bowled,3
PD Salt,run out,1
PD Salt,stumped,1
PHKD Mendis,caught,3
PJ Cummins,bowled,5
PJ Cummins,caught,24
PJ Cummins,caught and bowled,1
PJ Cummins,lbw,2
PJ Cummins,run out,1
PJ Sangwan,bowled,3
PJ Sangwan,caught,3
PJ Sangwan,lbw,1
PJ Sangwan,run out,1
PK Garg,bowled,4
PK Garg,caught,11
PK Garg,caught and bowled,2
PK Garg,run out,1
PN Mankad,caught,3
PP Chawla,bowled,12
PP Chawla,caught,32
PP Chawla,lbw,2
PP Chawla,run out,8
PP Chawla,stumped,2
PP Hinge,stumped,1
PP Ojha,bowled,3
PP Ojha,caught,5
PP Ojha,run out,4
PP Shaw,bowled,12
PP Shaw,caught,54
PP Shaw,caught and bowled,5
PP Shaw,lbw,3
PP Shaw,run out,4
PP Shaw,stumped,1
PR Shah,bowled,1
PR Shah,caught,6
PR Shah,caught and bowled,1
PR Veer,caught,1
PR Veer,caught and bowled,1
PSP Handscomb,caught,1
PV Tambe,caught,1
PV Tambe,run out,1
PVD Chameera,bowled,1
PVD Chameera,caught,1
PVD Chameera,lbw,1
PVD Chameera,run out,1
PWA Mulder,caught,1
PWH de Silva,bowled,3
PWH de Silva,caught,8
PWH de Silva,caught and bowled,1
PWH de Silva,lbw,1
PWH de Silva,run out,2
Pankaj Singh,bowled,1
Pankaj Singh,caught,1
Parvez Rasool,caught,1
Parvez Rasool,caught and bowled,1
Priyansh Arya,bowled,3
Priyansh Arya,caught,28
Q de Kock,bowled,16
Q de Kock,caught,78
Q de Kock,caught and bowled,5
Q de Kock,lbw,7
Q de Kock,run out,4
Q de Kock,stumped,1
R Ashwin,bowled,7
R Ashwin,caught,43
R Ashwin,caught and bowled,2
R Ashwin,lbw,1
R Ashwin,run out,8
R Ashwin,stumped,2
R Bhatia,bowled,5
R Bhatia,caught,17
R Bhatia,caught and bowled,2
R Bhatia,run out,5
R Bhatia,stumped,1
R Bishnoi,caught,2
R Bishnoi,run out,1
R Dhawan,bowled,3
R Dhawan,caught,3
R Dhawan,lbw,2
R Dhawan,run out,2
R Dhawan,stumped,1
R Dravid,bowled,16
R Dravid,caught,47
R Dravid,caught and bowled,5
R Dravid,lbw,2
R Dravid,run out,6
R Dravid,stumped,1
R McLaren,bowled,2
R McLaren,caught,2
R McLaren,lbw,2
R McLaren,run out,2
R Minz,bowled,1
R Minz,caught,2
R Ninan,caught,1
R Parag,bowled,13
R Parag,caught,53
R Parag,hit wicket,1
R Parag,lbw,3
R Parag,run out,4
R Powell,bowled,3
R Powell,caught,14
R Powell,caught and bowled,1
R Powell,lbw,6
R Powell,run out,1
R Rampaul,caught,4
R Rampaul,lbw,1
R Ravindra,bowled,2
R Ravindra,caught,8
R Ravindra,caught and bowled,2
R Ravindra,lbw,1
R Ravindra,run out,2
R Ravindra,stumped,2
R Sai Kishore,bowled,2
R Sai Kishore,caught,1
R Sai Kishore,run out,1
R Sanjay Yadav,caught,1
R Sathish,bowled,3
R Sathish,caught,9
R Sathish,lbw,1
R Sathish,run out,3
R Sathish,stumped,1
R Sharma,bowled,4
R Sharma,caught,6
R Sharma,run out,4
R Shepherd,bowled,2
R Shepherd,caught,5
R Shepherd,caught and bowled,1
R Shepherd,lbw,3
R Shukla,caught,1
R Smaran,caught,3
R Tewatia,bowled,6
R Tewatia,caught,39
R Tewatia,lbw,4
R Tewatia,run out,6
R Vinay Kumar,bowled,10
R Vinay Kumar,caught,13
R Vinay Kumar,run out,4
R Vinay Kumar,stumped,1
RA Bawa,bowled,1
RA Bawa,caught,1
RA Bawa,lbw,1
RA Jadeja,bowled,20
RA Jadeja,caught,78
RA Jadeja,caught and bowled,7
RA Jadeja,hit wicket,1
RA Jadeja,lbw,6
RA Jadeja,obstructing the field,1
RA Jadeja,run out,7
RA Jadeja,stumped,1
RA Tripathi,bowled,11
RA Tripathi,caught,63
RA Tripathi,caught and bowled,5
RA Tripathi,lbw,3
RA Tripathi,run out,5
RD Chahar,bowled,2
RD Chahar,caught,10
RD Chahar,lbw,2
RD Chahar,run out,2
RD Gaikwad,bowled,8
RD Gaikwad,caught,59
RD Gaikwad,lbw,2
RD Gaikwad,run out,3
RD Gaikwad,stumped,2
RD Rickelton,bowled,4
RD Rickelton,caught,17
RD Rickelton,caught and bowled,1
RD Rickelton,lbw,1
RD Rickelton,run out,1
RE Levi,bowled,4
RE Levi,caught,1
RE Levi,stumped,1
RE van der Merwe,bowled,2
RE van der Merwe,caught,5
RE van der Merwe,run out,1
RE van der Merwe,stumped,3
RG Sharma,bowled,30
RG Sharma,caught,174
RG Sharma,caught and bowled,10
RG Sharma,lbw,17
RG Sharma,run out,11
RG Sharma,stumped,3
RJ Harris,bowled,2
RJ Harris,caught,9
RJ Harris,lbw,1
RJ Peterson,caught,1
RJ Peterson,run out,2
RJ Quiney,bowled,1
RJ Quiney,caught,4
RJ Quiney,lbw,2
RK Bhui,caught,4
RK Singh,bowled,4
RK Singh,caught,33
RK Singh,caught and bowled,1
RK Singh,lbw,1
RK Singh,run out,1
RK Singh,stumped,1
RM Patidar,bowled,4
RM Patidar,caught,40
RM Patidar,lbw,2
RM Patidar,run out,2
RN ten Doeschate,bowled,1
RN ten Doeschate,caught,6
RN ten Doeschate,lbw,5
RN ten Doeschate,run out,2
RP Singh,bowled,4
RP Singh,caught,5
RP Singh,caught and bowled,1
RP Singh,run out,4
RP Singh,stumped,1
RR Bhatkal,caught,1
RR Pant,bowled,16
RR Pant,caught,82
RR Pant,caught and bowled,1
RR Pant,lbw,5
RR Pant,run out,9
RR Pant,stumped,2
RR Powar,bowled,2
RR Powar,run out,1
RR Raje,bowled,1
RR Rossouw,bowled,7
RR Rossouw,caught,11
RR Rossouw,lbw,2
RR Sarwan,bowled,1
RR Sarwan,caught,2
RR Sarwan,run out,1
RS Bopara,bowled,1
RS Bopara,caught,13
RS Bopara,lbw,3
RS Bopara,run out,1
RS Gavaskar,caught,1
RT Ponting,caught,5
RT Ponting,caught and bowled,1
RT Ponting,lbw,1
RT Ponting,run out,1
RT Ponting,stumped,1
RV Gomez,bowled,1
RV Gomez,caught,3
RV Gomez,lbw,1
RV Patel,caught,3
RV Patel,run out,2
RV Uthappa,bowled,15
RV Uthappa,caught,124
RV Uthappa,caught and bowled,6
RV Uthappa,lbw,18
RV Uthappa,run out,9
RV Uthappa,stumped,8
Rahmanullah Gurbaz,bowled,1
Rahmanullah Gurbaz,caught,13
Rahmanullah Gurbaz,lbw,3
Ramandeep Singh,bowled,3
Ramandeep Singh,caught,12
Ramandeep Singh,caught and bowled,1
Rashid Khan,bowled,4
Rashid Khan,caught,28
Rashid Khan,caught and bowled,6
Rashid Khan,hit wicket,1
Rashid Khan,lbw,3
Rashid Khan,run out,4
Rasikh Salam,caught,4
Rasikh Salam,run out,1
Ravi Bishnoi,bowled,3
Ravi Bishnoi,caught,6
Ravi Bishnoi,lbw,1
Ravi Bishnoi,run out,2
Ravi Singh,lbw,1
S Anirudha,bowled,1
S Anirudha,caught,4
S Anirudha,lbw,2
S Anirudha,stumped,1
S Aravind,bowled,1
S Aravind,caught,1
S Aravind,lbw,1
S Aravind,run out,1
S Arora,bowled,2
S Arora,caught,4
S Badree,bowled,3
S Badree,caught,1
S Badree,lbw,1
S Badrinath,bowled,2
S Badrinath,caught,31
S Badrinath,caught and bowled,3
S Badrinath,lbw,4
S Badrinath,run out,4
S Badrinath,stumped,3
S Chanderpaul,caught,3
S Dhawan,bowled,40
S Dhawan,caught,112
S Dhawan,caught and bowled,3
S Dhawan,lbw,13
S Dhawan,run out,16
S Dhawan,stumped,8
S Dube,bowled,14
S Dube,caught,47
S Dube,caught and bowled,1
S Dube,lbw,3
S Dube,run out,3
S Gopal,bowled,1
S Gopal,caught,10
S Gopal,run out,2
S Gopal,stumped,1
S Kaul,caught,1
S Kaul,caught and bowled,1
S Kaul,run out,2
S Kaushik,caught,1
S Ladda,run out,1
S Lamichhane,bowled,1
S Nadeem,bowled,3
S Nadeem,caught,6
S Nadeem,caught and bowled,3
S Nadeem,run out,2
S Narwal,caught,3
S Rana,bowled,3
S Rana,caught,1
S Randiv,caught,1
S Sohal,bowled,3
S Sohal,caught,12
S Sohal,lbw,2
S Sohal,run out,3
S Sreesanth,bowled,1
S Sreesanth,caught,1
S Sreesanth,lbw,1
S Sreesanth,run out,1
S Sriram,bowled,1
S Sriram,caught,1
S Tyagi,run out,1
S Vidyut,caught,8
SA Abbott,caught,2
SA Abbott,run out,1
SA Asnodkar,bowled,1
SA Asnodkar,caught,11
SA Asnodkar,hit wicket,1
SA Asnodkar,lbw,1
SA Asnodkar,run out,6
SA Yadav,bowled,13
SA Yadav,caught,104
SA Yadav,caught and bowled,4
SA Yadav,lbw,8
SA Yadav,run out,6
SA Yadav,stumped,2
SB Bangar,caught,5
SB Bangar,run out,2
SB Dubey,bowled,1
SB Dubey,caught,8
SB Dubey,lbw,1
SB Jakati,caught,1
SB Joshi,caught,1
SB Joshi,run out,1
SB Styris,bowled,2
SB Styris,caught,4
SB Styris,lbw,1
SB Wagh,caught,1
SB Wagh,run out,1
SC Ganguly,bowled,9
SC Ganguly,caught,37
SC Ganguly,caught and bowled,1
SC Ganguly,lbw,2
SC Ganguly,run out,2
SC Ganguly,stumped,2
SD Chitnis,caught,6
SD Chitnis,run out,1
SD Hope,bowled,1
SD Hope,caught,6
SD Hope,run out,1
SD Lad,bowled,1
SE Bond,bowled,1
SE Marsh,bowled,16
SE Marsh,caught,35
SE Marsh,caught and bowled,3
SE Marsh,lbw,3
SE Marsh,run out,4
SE Marsh,stumped,2
SE Rutherford,bowled,2
SE Rutherford,caught,17
SE Rutherford,lbw,2
SH Johnson,caught,1
SJ Srivastava,bowled,1
SK Raina,bowled,16
SK Raina,caught,116
SK Raina,caught and bowled,9
SK Raina,lbw,7
SK Raina,run out,15
SK Raina,stumped,8
SK Rasheed,caught,4
SK Rasheed,stumped,1
SK Trivedi,bowled,4
SK Trivedi,caught,3
SK Warne,bowled,6
SK Warne,caught,6
SK Warne,run out,5
SK Warne,stumped,3
SL Malinga,bowled,5
SL Malinga,caught,5
SL Malinga,run out,6
SM Curran,bowled,8
SM Curran,caught,24
SM Curran,caught and bowled,2
SM Curran,lbw,3
SM Curran,run out,2
SM Curran,stumped,1
SM Katich,bowled,2
SM Katich,caught,6
SM Katich,run out,2
SM Pollock,bowled,4
SM Pollock,caught,4
SMSM Senanayake,run out,1
SN Khan,bowled,4
SN Khan,caught,24
SN Khan,lbw,2
SN Khan,run out,1
SN Khan,stumped,2
SN Thakur,bowled,2
SN Thakur,caught,19
SN Thakur,lbw,4
SN Thakur,run out,5
SO Hetmyer,bowled,5
SO Hetmyer,caught,45
SO Hetmyer,caught and bowled,1
SO Hetmyer,lbw,1
SO Hetmyer,run out,4
SO Hetmyer,stumped,1
SP Fleming,bowled,2
SP Fleming,caught,5
SP Fleming,lbw,1
SP Fleming,run out,1
SP Goswami,bowled,2
SP Goswami,caught,15
SP Goswami,caught and bowled,1
SP Goswami,run out,2
SP Jackson,bowled,1
SP Jackson,caught,4
SP Jackson,hit wicket,1
SP Narine,bowled,22
SP Narine,caught,66
SP Narine,caught and bowled,2
SP Narine,lbw,3
SP Narine,run out,8
SP Narine,stumped,3
SPD Smith,bowled,17
SPD Smith,caught,45
SPD Smith,caught and bowled,3
SPD Smith,lbw,3
SPD Smith,run out,4
SR Tendulkar,bowled,12
SR Tendulkar,caught,36
SR Tendulkar,caught and bowled,2
SR Tendulkar,lbw,8
SR Tendulkar,run out,6
SR Tendulkar,stumped,3
SR Watson,bowled,36
SR Watson,caught,70
SR Watson,caught and bowled,1
SR Watson,lbw,6
SR Watson,run out,9
SR Watson,stumped,4
SS Cottrell,bowled,1
SS Iyer,bowled,17
SS Iyer,caught,85
SS Iyer,caught and bowled,2
SS Iyer,lbw,7
SS Iyer,run out,4
SS Iyer,stumped,4
SS Prabhudessai,bowled,1
SS Prabhudessai,caught,6
SS Prabhudessai,run out,2
SS Prabhudessai,stumped,1
SS Shaikh,run out,1
SS Tiwary,bowled,4
SS Tiwary,caught,36
SS Tiwary,caught and bowled,1
SS Tiwary,hit wicket,1
SS Tiwary,lbw,3
SS Tiwary,run out,4
SS Tiwary,stumped,3
ST Jayasuriya,bowled,2
ST Jayasuriya,caught,19
ST Jayasuriya,caught and bowled,1
ST Jayasuriya,lbw,5
ST Jayasuriya,run out,1
STR Binny,bowled,6
STR Binny,caught,27
STR Binny,caught and bowled,1
STR Binny,lbw,3
STR Binny,run out,6
STR Binny,stumped,3
SU Parakh,bowled,1
SU Parakh,caught,3
SV Samson,bowled,22
SV Samson,caught,113
SV Samson,caught and bowled,5
SV Samson,lbw,8
SV Samson,run out,9
SV Samson,stumped,6
SW Billings,bowled,3
SW Billings,caught,19
SW Billings,lbw,1
SW Billings,run out,1
SW Billings,stumped,2
SW Tait,bowled,2
SW Tait,stumped,1
Sachin Baby,caught,6
Sachin Baby,caught and bowled,1
Sachin Baby,lbw,1
Sachin Baby,run out,1
Salil Arora,caught,1
Salman Butt,bowled,1
Salman Butt,caught,4
Salman Butt,lbw,2
Sameer Rizvi,bowled,2
Sameer Rizvi,caught,11
Sameer Rizvi,stumped,1
Sandeep Sharma,caught,3
Sandeep Sharma,caught and bowled,1
Sandeep Sharma,lbw,1
Sandeep Sharma,run out,1
Sanvir Singh,bowled,1
Sanvir Singh,caught,1
Saurav Chauhan,caught,2
Saurav Chauhan,lbw,1
Sediqullah Atal,caught,1
Shahbaz Ahmed,bowled,6
Shahbaz Ahmed,caught,19
Shahbaz Ahmed,lbw,2
Shahbaz Ahmed,run out,1
Shahbaz Ahmed,stumped,1
Shahid Afridi,caught,7
Shahid Afridi,lbw,1
Shakib Al Hasan,bowled,10
Shakib Al Hasan,caught,23
Shakib Al Hasan,caught and bowled,1
Shakib Al Hasan,lbw,2
Shakib Al Hasan,run out,5
Shashank Singh,bowled,1
Shashank Singh,caught,16
Shashank Singh,caught and bowled,1
Shashank Singh,lbw,4
Shashank Singh,run out,3
Shivam Mavi,bowled,3
Shivam Mavi,caught,5
Shivam Mavi,stumped,1
Shivam Sharma,bowled,1
Shivang Kumar,bowled,1
Shivang Kumar,caught,5
Shoaib Ahmed,caught,1
Shoaib Ahmed,run out,1
Shoaib Akhtar,caught,1
Shoaib Malik,bowled,1
Shoaib Malik,caught,3
Shubman Gill,bowled,13
Shubman Gill,caught,76
Shubman Gill,caught and bowled,2
Shubman Gill,lbw,8
Shubman Gill,run out,10
Shubman Gill,stumped,5
Sikandar Raza,bowled,1
Sikandar Raza,caught,6
Simarjeet Singh,bowled,2
Simarjeet Singh,lbw,1
Sohail Tanvir,bowled,1
Sohail Tanvir,caught,2
Sumit Kumar,caught,2
Sunny Gupta,stumped,1
Sunny Singh,caught,3
Sunny Singh,run out,1
Suryansh Shedge,caught,7
Swapnil Singh,bowled,1
Swapnil Singh,caught,3
Swapnil Singh,lbw,1
T Banton,bowled,1
T Banton,caught,1
T Dahiya,bowled,1
T Dahiya,caught,1
T Henderson,bowled,1
T Henderson,run out,1
T Kohler-Cadmore,bowled,1
T Kohler-Cadmore,caught,2
T Kohli,caught,2
T Kohli,run out,1
T Stubbs,bowled,4
T Stubbs,caught,14
T Stubbs,lbw,3
T Stubbs,run out,4
T Taibu,caught,2
T Taibu,run out,1
T Thushara,caught,1
T Thushara,run out,1
TA Boult,bowled,3
TA Boult,caught,3
TA Boult,caught and bowled,1
TA Boult,run out,3
TD Paine,bowled,1
TD Paine,caught,1
TG Southee,bowled,3
TG Southee,caught,7
TG Southee,run out,3
TH David,bowled,3
TH David,caught,25
TH David,caught and bowled,1
TH David,lbw,3
TH David,run out,3
TK Curran,bowled,1
TK Curran,caught,4
TL Seifert,bowled,2
TL Seifert,caught,3
TL Seifert,run out,1
TL Suman,bowled,3
TL Suman,caught,22
TL Suman,caught and bowled,2
TL Suman,lbw,2
TL Suman,run out,3
TM Dilshan,bowled,11
TM Dilshan,caught,24
TM Dilshan,lbw,3
TM Dilshan,run out,4
TM Dilshan,stumped,1
TM Head,bowled,9
TM Head,caught,36
TM Head,caught and bowled,1
TM Head,run out,2
TM Srivastava,caught,1
TR Birt,bowled,1
TR Birt,caught,4
TS Mills,bowled,1
TS Mills,caught,3
TU Deshpande,caught,4
Tanush Kotian,bowled,1
Tilak Varma,bowled,8
Tilak Varma,caught,33
Tilak Varma,caught and bowled,1
Tilak Varma,lbw,3
Tilak Varma,run out,6
UA Birla,bowled,1
UBT Chand,bowled,6
UBT Chand,caught,13
UBT Chand,stumped,1
UT Khawaja,caught,3
UT Khawaja,run out,2
UT Khawaja,stumped,1
UT Yadav,bowled,9
UT Yadav,caught,7
UT Yadav,caught and bowled,2
UT Yadav,run out,2
UT Yadav,stumped,1
Umar Gul,caught,2
Umar Gul,run out,1
Umran Malik,lbw,1
Umran Malik,run out,1
Urvil Patel,bowled,2
Urvil Patel,caught,7
Urvil Patel,stumped,1
V Kohli,bowled,43
V Kohli,caught,157
V Kohli,caught and bowled,5
V Kohli,lbw,12
V Kohli,run out,9
V Kohli,stumped,5
V Nigam,bowled,1
V Nigam,caught,3
V Nigam,caught and bowled,1
V Nigam,run out,2
V Nigam,stumped,1
V Pratap Singh,caught,1
V Sehwag,bowled,15
V Sehwag,caught,70
V Sehwag,caught and bowled,2
V Sehwag,lbw,4
V Sehwag,run out,7
V Sehwag,stumped,1
V Shankar,bowled,9
V Shankar,caught,35
V Shankar,lbw,2
V Shankar,run out,1
V Suryavanshi,bowled,3
V Suryavanshi,caught,18
V Suryavanshi,lbw,1
V Suryavanshi,stumped,1
VG Arora,bowled,2
VG Arora,caught,1
VG Arora,run out,1
VH Zol,bowled,1
VH Zol,caught,1
VR Aaron,bowled,1
VR Aaron,caught,2
VR Aaron,run out,2
VR Iyer,bowled,8
VR Iyer,caught,39
VR Iyer,caught and bowled,1
VR Iyer,lbw,3
VR Iyer,run out,1
VR Iyer,stumped,1
VRV Singh,caught,1
VRV Singh,run out,1
VS Malik,bowled,1
VS Yeligati,run out,1
VVS Laxman,bowled,2
VVS Laxman,caught,9
VVS Laxman,caught and bowled,2
VVS Laxman,lbw,1
VVS Laxman,run out,4
VY Mahesh,bowled,1
VY Mahesh,caught,1
Vijaykumar Vyshak,caught,2
Virat Singh,caught,2
Vishnu Vinod,bowled,1
Vishnu Vinod,caught,4
Vishnu Vinod,run out,1
Vivrant Sharma,caught,1
W Jaffer,caught,7
W Jaffer,run out,1
WA Mota,bowled,1
WA Mota,caught,3
WA Mota,lbw,1
WA Mota,run out,1
WD Parnell,bowled,2
WD Parnell,caught,5
WD Parnell,run out,3
WG Jacks,bowled,2
WG Jacks,caught,18
WG Jacks,run out,2
WP Saha,bowled,24
WP Saha,caught,73
WP Saha,caught and bowled,2
WP Saha,lbw,6
WP Saha,run out,9
WP Saha,stumped,7
WPUJC Vaas,bowled,2
WPUJC Vaas,caught,4
WPUJC Vaas,run out,2
Washington Sundar,bowled,5
Washington Sundar,caught,31
Washington Sundar,caught and bowled,2
Washington Sundar,lbw,1
Washington Sundar,run out,4
X Thalaivan Sargunam,caught and bowled,1
XC Bartlett,bowled,1
XC Bartlett,run out,1
Y Gnaneswara Rao,caught and bowled,1
Y Nagar,bowled,3
Y Nagar,caught,8
Y Nagar,lbw,2
Y Nagar,run out,1
Y Venugopal Rao,bowled,8
Y Venugopal Rao,caught,24
Y Venugopal Rao,lbw,1
Y Venugopal Rao,run out,11
YBK Jaiswal,bowled,12
YBK Jaiswal,caught,56
YBK Jaiswal,caught and bowled,6
YBK Jaiswal,lbw,2
YBK Jaiswal,run out,2
YK Pathan,bowled,11
YK Pathan,caught,76
YK Pathan,caught and bowled,4
YK Pathan,lbw,5
YK Pathan,obstructing the field,1
YK Pathan,run out,11
YK Pathan,stumped,2
YS Chahal,caught,4
YS Chahal,lbw,1
YS Chahal,run out,2
YV Dhull,caught,2
YV Dhull,lbw,1
YV Takawale,bowled,2
YV Takawale,caught,4
YV Takawale,lbw,2
Yash Dayal,caught,1
Yash Dayal,caught and bowled,1
Yash Dayal,lbw,1
Yashpal Singh,caught,4
Younis Khan,bowled,1
Yudhvir Singh,caught,3
Yudhvir Singh,run out,1
Yuvraj Singh,bowled,10
Yuvraj Singh,caught,84
Yuvraj Singh,caught and bowled,2
Yuvraj Singh,hit wicket,1
Yuvraj Singh,lbw,5
Yuvraj Singh,run out,6
Yuvraj Singh,stumped,3
Z Khan,bowled,5
Z Khan,caught,6
Z Khan,caught and bowled,1
Z Khan,run out,2
