Bowler,season,balls_bowled,runs_conceded,overs,economy,wickets,bowling_avg
A Ashish Reddy,2012,163,227,27.166666666666668,8.36,11,20.64
A Ashish Reddy,2013,40,69,6.666666666666667,10.35,3,23.0
A Ashish Reddy,2015,36,49,6.0,8.17,3,16.33
A Ashish Reddy,2016,23,39,3.8333333333333335,10.17,1,39.0
A Badoni,2022,12,11,2.0,5.5,2,5.5
A Badoni,2023,1,0,0.16666666666666666,0.0,0,
A Badoni,2024,12,25,2.0,12.5,0,
A Badoni,2025,10,13,1.6666666666666665,7.8,2,6.5
A Badoni,2026,6,14,1.0,14.0,0,
A Chandila,2012,84,86,14.0,6.14,5,17.2
A Chandila,2013,150,156,25.0,6.24,6,26.0
A Choudhary,2017,101,137,16.833333333333332,8.14,5,27.4
A Dananjaya,2018,24,46,4.0,11.5,0,
A Flintoff,2009,66,105,11.0,9.55,2,52.5
A Kamboj,2024,60,102,10.0,10.2,2,51.0
A Kamboj,2025,129,171,21.5,7.95,8,21.38
A Kamboj,2026,302,513,50.333333333333336,10.19,21,24.43
A Kumble,2008,230,294,38.333333333333336,7.67,7,42.0
A Kumble,2009,355,340,59.166666666666664,5.75,21,16.19
A Kumble,2010,380,385,63.333333333333336,6.08,17,22.65
A Mishra,2008,119,134,19.833333333333332,6.76,11,12.18
A Mishra,2009,253,283,42.166666666666664,6.71,14,20.21
A Mishra,2010,318,347,53.0,6.55,17,20.41
A Mishra,2011,320,354,53.333333333333336,6.64,19,18.63
A Mishra,2012,282,364,47.0,7.74,13,28.0
A Mishra,2013,372,383,62.0,6.18,21,18.24
A Mishra,2014,225,334,37.5,8.91,7,47.71
A Mishra,2015,241,301,40.166666666666664,7.49,9,33.44
A Mishra,2016,276,331,46.0,7.2,13,25.46
A Mishra,2017,233,339,38.833333333333336,8.73,10,33.9
A Mishra,2018,222,259,37.0,7.0,12,21.58
A Mishra,2019,240,267,40.0,6.68,11,24.27
A Mishra,2020,60,70,10.0,7.0,3,23.33
A Mishra,2021,84,109,14.0,7.79,6,18.17
A Mishra,2023,114,148,19.0,7.79,7,21.14
A Mishra,2024,12,20,2.0,10.0,1,20.0
A Mithun,2009,24,39,4.0,9.75,0,
A Mithun,2010,18,37,3.0,12.33,1,37.0
A Mithun,2011,204,291,34.0,8.56,5,58.2
A Mithun,2012,18,32,3.0,10.67,0,
A Mithun,2013,24,36,4.0,9.0,1,36.0
A Nehra,2008,269,332,44.833333333333336,7.41,12,27.67
A Nehra,2009,306,320,51.0,6.27,19,16.84
A Nehra,2010,84,95,14.0,6.79,6,15.83
A Nehra,2012,288,392,48.0,8.17,11,35.64
A Nehra,2013,216,307,36.0,8.53,11,27.91
A Nehra,2014,90,139,15.0,9.27,8,17.38
A Nehra,2015,372,436,62.0,7.03,22,19.82
A Nehra,2016,156,192,26.0,7.38,9,21.33
A Nehra,2017,127,192,21.166666666666668,9.07,8,24.0
A Nel,2008,18,31,3.0,10.33,1,31.0
A Nortje,2020,366,502,61.0,8.23,22,22.82
A Nortje,2021,182,174,30.333333333333332,5.74,12,14.5
A Nortje,2022,134,200,22.333333333333332,8.96,9,22.22
A Nortje,2023,240,347,40.0,8.68,10,34.7
A Nortje,2024,132,280,22.0,12.73,7,40.0
A Nortje,2025,42,76,7.0,10.86,1,76.0
A Nortje,2026,24,32,4.0,8.0,0,
A Singh,2009,105,92,17.5,5.26,9,10.22
A Singh,2011,171,211,28.5,7.4,9,23.44
A Singh,2012,197,299,32.833333333333336,9.11,10,29.9
A Symonds,2008,41,94,6.833333333333333,13.76,0,
A Symonds,2009,144,156,24.0,6.5,7,22.29
A Symonds,2010,318,365,53.0,6.89,12,30.42
A Symonds,2011,24,41,4.0,10.25,1,41.0
A Uniyal,2010,36,64,6.0,10.67,2,32.0
A Zampa,2016,102,110,17.0,6.47,12,9.17
A Zampa,2017,119,160,19.833333333333332,8.07,7,22.86
A Zampa,2020,66,91,11.0,8.27,2,45.5
A Zampa,2023,132,186,22.0,8.45,8,23.25
A Zampa,2025,48,92,8.0,11.5,2,46.0
AA Chavan,2011,30,27,5.0,5.4,0,
AA Chavan,2012,164,230,27.333333333333332,8.41,7,32.86
AA Chavan,2013,54,61,9.0,6.78,1,61.0
AA Jhunjhunwala,2010,37,67,6.166666666666667,10.86,0,
AA Jhunjhunwala,2011,12,21,2.0,10.5,0,
AA Jhunjhunwala,2012,36,38,6.0,6.33,1,38.0
AA Kazi,2011,12,20,2.0,10.0,0,
AA Noffke,2008,24,35,4.0,8.75,1,35.0
AB Agarkar,2008,156,195,26.0,7.5,8,24.38
AB Agarkar,2009,186,270,31.0,8.71,6,45.0
AB Agarkar,2010,132,193,22.0,8.77,4,48.25
AB Agarkar,2011,162,229,27.0,8.48,8,28.62
AB Agarkar,2012,86,130,14.333333333333334,9.07,3,43.33
AB Agarkar,2013,60,89,10.0,8.9,0,
AB Dinda,2008,234,245,39.0,6.28,9,27.22
AB Dinda,2009,144,187,24.0,7.79,4,46.75
AB Dinda,2010,139,147,23.166666666666668,6.35,9,16.33
AB Dinda,2011,102,142,17.0,8.35,5,28.4
AB Dinda,2012,144,156,24.0,6.5,9,17.33
AB Dinda,2013,294,448,49.0,9.14,16,28.0
AB Dinda,2014,186,250,31.0,8.06,5,50.0
AB Dinda,2015,30,54,5.0,10.8,0,
AB Dinda,2016,183,218,30.5,7.15,11,19.82
AB Dinda,2017,60,114,10.0,11.4,1,114.0
AB McDonald,2009,18,22,3.0,7.33,0,
AB McDonald,2010,84,137,14.0,9.79,5,27.4
AB McDonald,2011,12,23,2.0,11.5,0,
AB McDonald,2012,60,60,10.0,6.0,5,12.0
AB McDonald,2013,12,17,2.0,8.5,1,17.0
AC Gilchrist,2013,1,0,0.16666666666666666,0.0,1,0.0
AC Thomas,2011,231,287,38.5,7.45,11,26.09
AC Thomas,2012,84,105,14.0,7.5,3,35.0
AC Voges,2010,54,74,9.0,8.22,0,
AD Mascarenhas,2008,24,27,4.0,6.75,2,13.5
AD Mascarenhas,2009,116,132,19.333333333333332,6.83,6,22.0
AD Mascarenhas,2010,48,65,8.0,8.12,4,16.25
AD Mascarenhas,2012,96,104,16.0,6.5,7,14.86
AD Mascarenhas,2013,24,25,4.0,6.25,0,
AD Mathews,2009,14,30,2.3333333333333335,12.86,0,
AD Mathews,2010,225,309,37.5,8.24,8,38.62
AD Mathews,2012,156,189,26.0,7.27,7,27.0
AD Mathews,2013,186,230,31.0,7.42,5,46.0
AD Mathews,2015,180,241,30.0,8.03,7,34.43
AD Mathews,2017,30,55,5.0,11.0,0,
AD Russell,2012,96,159,16.0,9.94,1,159.0
AD Russell,2013,42,66,7.0,9.43,0,
AD Russell,2014,30,50,5.0,10.0,1,50.0
AD Russell,2015,244,312,40.666666666666664,7.67,14,22.29
AD Russell,2016,219,282,36.5,7.73,15,18.8
AD Russell,2018,227,343,37.833333333333336,9.07,13,26.38
AD Russell,2019,181,286,30.166666666666668,9.48,11,26.0
AD Russell,2020,108,164,18.0,9.11,6,27.33
AD Russell,2021,114,180,19.0,9.47,11,16.36
AD Russell,2022,169,266,28.166666666666668,9.44,17,15.65
AD Russell,2023,91,155,15.166666666666666,10.22,7,22.14
AD Russell,2024,176,283,29.333333333333332,9.65,19,14.89
AD Russell,2025,109,210,18.166666666666668,11.56,8,26.25
AF Milne,2016,24,38,4.0,9.5,1,38.0
AF Milne,2017,84,128,14.0,9.14,3,42.67
AF Milne,2021,84,128,14.0,9.14,3,42.67
AF Milne,2022,15,19,2.5,7.6,0,
AF Milne,2026,20,39,3.3333333333333335,11.7,0,
AG Murtaza,2010,72,86,12.0,7.17,3,28.67
AG Murtaza,2011,120,115,20.0,5.75,3,38.33
AG Murtaza,2012,12,11,2.0,5.5,0,
AG Murtaza,2013,60,92,10.0,9.2,3,30.67
AJ Finch,2010,7,5,1.1666666666666667,4.29,0,
AJ Finch,2011,12,12,2.0,6.0,0,
AJ Finch,2013,24,49,4.0,12.25,1,49.0
AJ Hosein,2023,24,40,4.0,10.0,1,40.0
AJ Hosein,2026,148,194,24.666666666666668,7.86,8,24.25
AJ Tye,2017,126,139,21.0,6.62,12,11.58
AJ Tye,2018,336,430,56.0,7.68,24,17.92
AJ Tye,2019,132,228,22.0,10.36,3,76.0
AJ Tye,2020,25,47,4.166666666666667,11.28,1,47.0
AJ Tye,2022,66,104,11.0,9.45,2,52.0
AK Markram,2021,24,22,4.0,5.5,0,
AK Markram,2022,36,64,6.0,10.67,1,64.0
AK Markram,2023,49,70,8.166666666666666,8.57,1,70.0
AK Markram,2024,12,14,2.0,7.0,0,
AK Markram,2025,66,100,11.0,9.09,4,25.0
AK Markram,2026,36,80,6.0,13.33,0,
AL Menaria,2011,90,117,15.0,7.8,2,58.5
AL Menaria,2012,20,23,3.3333333333333335,6.9,1,23.0
AM Ghazanfar,2026,233,383,38.833333333333336,9.86,15,25.53
AM Nayar,2008,42,67,7.0,9.57,1,67.0
AM Nayar,2009,72,79,12.0,6.58,4,19.75
AM Nayar,2011,61,93,10.166666666666666,9.15,2,46.5
AM Nayar,2012,6,16,1.0,16.0,0,
AM Nayar,2013,48,56,8.0,7.0,2,28.0
AM Rahane,2009,6,5,1.0,5.0,1,5.0
AM Salvi,2009,102,126,17.0,7.41,4,31.5
AM Salvi,2011,48,64,8.0,8.0,3,21.33
AN Ahmed,2010,12,20,2.0,10.0,0,
AN Ahmed,2011,120,150,20.0,7.5,5,30.0
AN Ahmed,2012,12,16,2.0,8.0,0,
AN Ahmed,2013,42,45,7.0,6.43,3,15.0
AN Ahmed,2014,86,107,14.333333333333334,7.47,3,35.67
AN Ahmed,2015,72,113,12.0,9.42,1,113.0
AP Dole,2010,66,105,11.0,9.55,5,21.0
AR Patel,2014,396,394,66.0,5.97,17,23.18
AR Patel,2015,280,382,46.666666666666664,8.19,13,29.38
AR Patel,2016,287,381,47.833333333333336,7.97,13,29.31
AR Patel,2017,288,356,48.0,7.42,15,23.73
AR Patel,2018,156,216,26.0,8.31,3,72.0
AR Patel,2019,306,363,51.0,7.12,10,36.3
AR Patel,2020,306,325,51.0,6.37,9,36.11
AR Patel,2021,282,309,47.0,6.57,15,20.6
AR Patel,2022,258,317,43.0,7.37,6,52.83
AR Patel,2023,282,328,47.0,6.98,11,29.82
AR Patel,2024,264,336,44.0,7.64,11,30.55
AR Patel,2025,216,310,36.0,8.61,5,62.0
AR Patel,2026,264,352,44.0,8.0,11,32.0
AS Joseph,2019,52,84,8.666666666666666,9.69,6,14.0
AS Joseph,2022,180,257,30.0,8.57,7,36.71
AS Joseph,2023,144,219,24.0,9.12,7,31.29
AS Joseph,2024,58,108,9.666666666666666,11.17,1,108.0
AS Rajpoot,2013,24,34,4.0,8.5,1,34.0
AS Rajpoot,2016,66,87,11.0,7.91,3,29.0
AS Rajpoot,2017,84,104,14.0,7.43,4,26.0
AS Rajpoot,2018,157,214,26.166666666666668,8.18,11,19.45
AS Rajpoot,2019,96,138,16.0,8.62,3,46.0
AS Rajpoot,2020,103,184,17.166666666666668,10.72,2,92.0
AS Raut,2009,24,36,4.0,9.0,0,
AS Raut,2011,6,8,1.0,8.0,0,
AS Roy,2019,12,8,2.0,4.0,1,8.0
AS Roy,2022,42,55,7.0,7.86,1,55.0
AS Roy,2023,48,62,8.0,7.75,3,20.67
AS Roy,2024,34,60,5.666666666666667,10.59,0,
AS Roy,2025,24,26,4.0,6.5,1,26.0
AS Roy,2026,163,239,27.166666666666668,8.8,9,26.56
AU Rashid,2021,18,35,3.0,11.67,0,
AU Rashid,2023,42,56,7.0,8.0,2,28.0
AUK Pathan,2011,33,43,5.5,7.82,0,
AUK Pathan,2012,6,14,1.0,14.0,0,
Abdul Samad,2020,42,91,7.0,13.0,1,91.0
Abdul Samad,2021,6,9,1.0,9.0,1,9.0
Abdul Samad,2022,6,8,1.0,8.0,0,
Abdul Samad,2025,2,6,0.3333333333333333,18.0,0,
Abdul Samad,2026,1,6,0.16666666666666666,36.0,0,
Abdur Razzak,2008,12,19,2.0,9.5,0,
Abhinandan Singh,2026,58,120,9.666666666666666,12.41,3,40.0
Abhishek Sharma,2019,12,19,2.0,9.5,1,19.0
Abhishek Sharma,2020,60,89,10.0,8.9,2,44.5
Abhishek Sharma,2021,60,61,10.0,6.1,4,15.25
Abhishek Sharma,2022,24,38,4.0,9.5,0,
Abhishek Sharma,2023,72,121,12.0,10.08,2,60.5
Abhishek Sharma,2024,42,51,7.0,7.29,2,25.5
Abhishek Sharma,2025,66,111,11.0,10.09,0,
Abhishek Sharma,2026,29,49,4.833333333333333,10.14,0,
Akash Deep,2022,113,199,18.833333333333332,10.57,5,39.8
Akash Deep,2023,30,49,5.0,9.8,1,49.0
Akash Deep,2024,21,53,3.5,15.14,1,53.0
Akash Deep,2025,114,212,19.0,11.16,3,70.67
Akash Madhwal,2023,153,204,25.5,8.0,15,13.6
Akash Madhwal,2024,109,183,18.166666666666668,10.07,5,36.6
Akash Madhwal,2025,90,155,15.0,10.33,4,38.75
Akash Singh,2021,24,39,4.0,9.75,0,
Akash Singh,2023,114,185,19.0,9.74,5,37.0
Akash Singh,2025,67,99,11.166666666666666,8.87,4,24.75
Akash Singh,2026,42,70,7.0,10.0,4,17.5
Aman Hakim Khan,2022,6,13,1.0,13.0,0,
Anand Rajan,2011,30,45,5.0,9.0,3,15.0
Anand Rajan,2012,71,104,11.833333333333334,8.79,3,34.67
Anand Rajan,2013,48,39,8.0,4.88,2,19.5
Ankit Sharma,2012,145,163,24.166666666666668,6.74,4,40.75
Ankit Sharma,2013,12,17,2.0,8.5,0,
Ankit Sharma,2014,48,43,8.0,5.38,4,10.75
Ankit Sharma,2015,84,108,14.0,7.71,3,36.0
Ankit Sharma,2016,66,78,11.0,7.09,1,78.0
Ankit Sharma,2017,6,16,1.0,16.0,0,
Ankit Sharma,2018,6,11,1.0,11.0,0,
Ankit Soni,2017,109,141,18.166666666666668,7.76,2,70.5
Anureet Singh,2009,30,43,5.0,8.6,2,21.5
Anureet Singh,2015,310,447,51.666666666666664,8.65,15,29.8
Anureet Singh,2016,36,35,6.0,5.83,0,
Anureet Singh,2017,12,26,2.0,13.0,0,
Anureet Singh,2018,24,42,4.0,10.5,1,42.0
Arjun Tendulkar,2023,59,79,9.833333333333334,8.03,3,26.33
Arjun Tendulkar,2024,14,21,2.3333333333333335,9.0,0,
Arjun Tendulkar,2026,24,36,4.0,9.0,1,36.0
Arshad Khan,2023,85,176,14.166666666666666,12.42,5,35.2
Arshad Khan,2024,49,82,8.166666666666666,10.04,1,82.0
Arshad Khan,2025,126,206,21.0,9.81,6,34.33
Arshad Khan,2026,104,165,17.333333333333332,9.52,6,27.5
Arshad Khan (2),2024,12,22,2.0,11.0,0,
Arshdeep Singh,2019,60,104,10.0,10.4,3,34.67
Arshdeep Singh,2020,149,207,24.833333333333332,8.34,9,23.0
Arshdeep Singh,2021,248,327,41.333333333333336,7.91,18,18.17
Arshdeep Singh,2022,300,356,50.0,7.12,10,35.6
Arshdeep Singh,2023,305,474,50.833333333333336,9.32,17,27.88
Arshdeep Singh,2024,302,481,50.333333333333336,9.56,19,25.32
Arshdeep Singh,2025,350,496,58.333333333333336,8.5,21,23.62
Arshdeep Singh,2026,318,508,53.0,9.58,14,36.29
Ashok Sharma,2026,126,217,21.0,10.33,6,36.17
Ashwani Kumar,2025,123,223,20.5,10.88,11,20.27
Ashwani Kumar,2026,60,98,10.0,9.8,6,16.33
Atharva Taide,2024,1,4,0.16666666666666666,24.0,0,
Auqib Nabi,2026,78,133,13.0,10.23,0,
Avesh Khan,2017,24,23,4.0,5.75,1,23.0
Avesh Khan,2018,114,200,19.0,10.53,4,50.0
Avesh Khan,2019,18,29,3.0,9.67,0,
Avesh Khan,2020,24,41,4.0,10.25,0,
Avesh Khan,2021,366,431,61.0,7.07,24,17.96
Avesh Khan,2022,286,392,47.666666666666664,8.22,19,20.63
Avesh Khan,2023,174,277,29.0,9.55,8,34.62
Avesh Khan,2024,329,502,54.833333333333336,9.16,20,25.1
Avesh Khan,2025,284,477,47.333333333333336,10.08,13,36.69
Avesh Khan,2026,148,265,24.666666666666668,10.74,6,44.17
Azhar Mahmood,2012,256,312,42.666666666666664,7.31,14,22.29
Azhar Mahmood,2013,263,326,43.833333333333336,7.44,15,21.73
Azhar Mahmood,2015,18,35,3.0,11.67,0,
Azmatullah Omarzai,2024,126,181,21.0,8.62,4,45.25
Azmatullah Omarzai,2025,162,270,27.0,10.0,8,33.75
Azmatullah Omarzai,2026,66,100,11.0,9.09,3,33.33
B Akhil,2008,104,132,17.333333333333332,7.62,2,66.0
B Akhil,2009,66,77,11.0,7.0,4,19.25
B Akhil,2010,6,6,1.0,6.0,0,
B Akhil,2011,12,20,2.0,10.0,0,
B Chipli,2011,6,20,1.0,20.0,0,
B Geeves,2008,48,90,8.0,11.25,1,90.0
B Kumar,2011,66,66,11.0,6.0,3,22.0
B Kumar,2012,234,270,39.0,6.92,8,33.75
B Kumar,2013,342,344,57.0,6.04,13,26.46
B Kumar,2014,319,346,53.166666666666664,6.51,20,17.3
B Kumar,2015,310,393,51.666666666666664,7.61,18,21.83
B Kumar,2016,396,462,66.0,7.0,23,20.09
B Kumar,2017,314,357,52.333333333333336,6.82,26,13.73
B Kumar,2018,277,344,46.166666666666664,7.45,9,38.22
B Kumar,2019,354,445,59.0,7.54,13,34.23
B Kumar,2020,85,95,14.166666666666666,6.71,3,31.67
B Kumar,2021,252,328,42.0,7.81,6,54.67
B Kumar,2022,313,358,52.166666666666664,6.86,12,29.83
B Kumar,2023,306,408,51.0,8.0,16,25.5
B Kumar,2024,342,514,57.0,9.02,11,46.73
B Kumar,2025,312,477,52.0,9.17,17,28.06
B Kumar,2026,378,483,63.0,7.67,28,17.25
B Laughlin,2013,42,68,7.0,9.71,1,68.0
B Laughlin,2018,126,202,21.0,9.62,9,22.44
B Lee,2008,96,104,16.0,6.5,4,26.0
B Lee,2009,120,93,20.0,4.65,5,18.6
B Lee,2010,87,135,14.5,9.31,0,
B Lee,2011,272,322,45.333333333333336,7.1,5,64.4
B Lee,2012,228,292,38.0,7.68,7,41.71
B Lee,2013,72,83,12.0,6.92,4,20.75
B Muzarabani,2026,42,73,7.0,10.43,4,18.25
B Stanlake,2017,48,68,8.0,8.5,2,34.0
B Stanlake,2018,96,126,16.0,7.88,5,25.2
BA Bhatt,2011,167,223,27.833333333333332,8.01,9,24.78
BA Bhatt,2012,99,134,16.5,8.12,2,67.0
BA Bhatt,2013,30,31,5.0,6.2,1,31.0
BA Stokes,2017,264,305,44.0,6.93,12,25.42
BA Stokes,2018,222,293,37.0,7.92,8,36.62
BA Stokes,2019,101,180,16.833333333333332,10.69,6,30.0
BA Stokes,2020,90,145,15.0,9.67,2,72.5
BA Stokes,2021,6,12,1.0,12.0,0,
BA Stokes,2023,6,18,1.0,18.0,0,
BAW Mendis,2008,24,24,4.0,6.0,1,24.0
BAW Mendis,2009,100,133,16.666666666666668,7.98,3,44.33
BAW Mendis,2010,48,60,8.0,7.5,2,30.0
BAW Mendis,2013,72,78,12.0,6.5,2,39.0
BB Sran,2015,18,29,3.0,9.67,0,
BB Sran,2016,297,398,49.5,8.04,14,28.43
BB Sran,2017,12,28,2.0,14.0,0,
BB Sran,2018,132,209,22.0,9.5,4,52.25
BB Sran,2019,24,50,4.0,12.5,0,
BCJ Cutting,2014,24,31,4.0,7.75,1,31.0
BCJ Cutting,2016,67,79,11.166666666666666,7.07,5,15.8
BCJ Cutting,2017,76,120,12.666666666666666,9.47,1,120.0
BCJ Cutting,2018,102,165,17.0,9.71,2,82.5
BCJ Cutting,2019,12,27,2.0,13.5,1,27.0
BE Hendricks,2014,72,119,12.0,9.92,4,29.75
BE Hendricks,2015,78,104,13.0,8.0,5,20.8
BJ Dwarshuis,2026,24,46,4.0,11.5,1,46.0
BJ Hodge,2009,120,153,20.0,7.65,7,21.86
BJ Hodge,2010,30,41,5.0,8.2,2,20.5
BJ Hodge,2011,66,76,11.0,6.91,7,10.86
BJ Hodge,2012,12,21,2.0,10.5,1,21.0
BJ Hodge,2013,6,3,1.0,3.0,0,
BJ Rohrer,2013,6,11,1.0,11.0,0,
BMAJ Mendis,2013,30,36,5.0,7.2,1,36.0
BW Hilfenhaus,2012,204,220,34.0,6.47,14,15.71
BW Hilfenhaus,2014,168,238,28.0,8.5,8,29.75
Basil Thampi,2017,268,414,44.666666666666664,9.27,11,37.64
Basil Thampi,2018,61,113,10.166666666666666,11.11,5,22.6
Basil Thampi,2019,72,109,12.0,9.08,0,
Basil Thampi,2020,24,46,4.0,11.5,1,46.0
Basil Thampi,2022,96,146,16.0,9.12,5,29.2
Bipul Sharma,2010,60,94,10.0,9.4,3,31.33
Bipul Sharma,2011,72,71,12.0,5.92,4,17.75
Bipul Sharma,2012,46,73,7.666666666666667,9.52,0,
Bipul Sharma,2013,24,21,4.0,5.25,1,21.0
Bipul Sharma,2015,42,50,7.0,7.14,3,16.67
Bipul Sharma,2016,84,121,14.0,8.64,3,40.33
Bipul Sharma,2017,98,127,16.333333333333332,7.78,3,42.33
Brijesh Sharma,2026,273,419,45.5,9.21,14,29.93
C Bosch,2025,42,52,7.0,7.43,1,52.0
C Bosch,2026,121,189,20.166666666666668,9.37,12,15.75
C Ganapathy,2010,6,13,1.0,13.0,0,
C Green,2023,228,343,38.0,9.03,6,57.17
C Green,2024,211,291,35.166666666666664,8.27,10,29.1
C Green,2026,132,224,22.0,10.18,7,32.0
C Munro,2016,12,15,2.0,7.5,0,
C Nanda,2009,48,55,8.0,6.88,2,27.5
C Sakariya,2021,312,396,52.0,7.62,14,28.29
C Sakariya,2022,66,78,11.0,7.09,3,26.0
C Sakariya,2023,48,80,8.0,10.0,3,26.67
C Sakariya,2025,18,38,3.0,12.67,0,
C de Grandhomme,2017,96,123,16.0,7.69,4,30.75
C de Grandhomme,2018,90,118,15.0,7.87,2,59.0
C de Grandhomme,2019,30,54,5.0,10.8,0,
CH Gayle,2009,113,132,18.833333333333332,7.01,1,132.0
CH Gayle,2010,96,138,16.0,8.62,4,34.5
CH Gayle,2011,216,229,36.0,6.36,8,28.62
CH Gayle,2012,28,64,4.666666666666667,13.71,0,
CH Gayle,2013,24,39,4.0,9.75,3,13.0
CH Gayle,2015,12,14,2.0,7.0,0,
CH Gayle,2016,60,57,10.0,5.7,2,28.5
CH Gayle,2020,5,5,0.8333333333333334,6.0,0,
CH Morris,2013,300,391,50.0,7.82,15,26.07
CH Morris,2015,258,304,43.0,7.07,14,21.71
CH Morris,2016,264,294,44.0,6.68,13,22.62
CH Morris,2017,186,237,31.0,7.65,12,19.75
CH Morris,2018,84,140,14.0,10.0,3,46.67
CH Morris,2019,198,292,33.0,8.85,13,22.46
CH Morris,2020,190,196,31.666666666666668,6.19,11,17.82
CH Morris,2021,246,356,41.0,8.68,15,23.73
CJ Anderson,2014,108,177,18.0,9.83,4,44.25
CJ Anderson,2015,24,33,4.0,8.25,1,33.0
CJ Anderson,2017,113,177,18.833333333333332,9.4,3,59.0
CJ Anderson,2018,52,110,8.666666666666666,12.69,3,36.67
CJ Dala,2018,18,33,3.0,11.0,0,
CJ Green,2020,17,24,2.8333333333333335,8.47,0,
CJ Jordan,2016,168,239,28.0,8.54,11,21.73
CJ Jordan,2017,6,8,1.0,8.0,1,8.0
CJ Jordan,2018,24,30,4.0,7.5,0,
CJ Jordan,2020,195,299,32.5,9.2,9,33.22
CJ Jordan,2021,72,94,12.0,7.83,4,23.5
CJ Jordan,2022,77,128,12.833333333333334,9.97,2,64.0
CJ Jordan,2023,132,228,22.0,10.36,3,76.0
CJ McKay,2012,42,60,7.0,8.57,1,60.0
CK Kapugedera,2008,17,49,2.8333333333333335,17.29,0,
CK Langeveldt,2009,24,14,4.0,3.5,3,4.67
CK Langeveldt,2010,66,84,11.0,7.64,5,16.8
CK Langeveldt,2011,66,80,11.0,7.27,5,16.0
CL White,2008,6,22,1.0,22.0,0,
CL White,2010,6,18,1.0,18.0,0,
CL White,2012,18,25,3.0,8.33,0,
CL White,2013,12,16,2.0,8.0,1,16.0
CR Brathwaite,2016,139,179,23.166666666666668,7.73,7,25.57
CR Brathwaite,2017,36,65,6.0,10.83,1,65.0
CR Brathwaite,2018,61,91,10.166666666666666,8.95,5,18.2
CR Brathwaite,2019,18,26,3.0,8.67,0,
CR Woakes,2017,264,372,44.0,8.45,17,21.88
CR Woakes,2018,110,182,18.333333333333332,9.93,8,22.75
CR Woakes,2021,66,80,11.0,7.27,5,16.0
CRD Fernando,2008,120,151,20.0,7.55,10,15.1
CRD Fernando,2010,114,125,19.0,6.58,7,17.86
CV Varun,2019,18,35,3.0,11.67,1,35.0
CV Varun,2020,312,355,52.0,6.83,17,20.88
CV Varun,2021,408,440,68.0,6.47,18,24.44
CV Varun,2022,235,319,39.166666666666664,8.14,6,53.17
CV Varun,2023,316,417,52.666666666666664,7.92,20,20.85
CV Varun,2024,301,392,50.166666666666664,7.81,21,18.67
CV Varun,2025,300,375,50.0,7.5,17,22.06
CV Varun,2026,246,351,41.0,8.56,11,31.91
D Brevis,2022,3,8,0.5,16.0,1,8.0
D Ferreira,2026,18,41,3.0,13.67,1,41.0
D Jansen,2023,24,49,4.0,12.25,1,49.0
D Kalyankrishna,2008,48,85,8.0,10.62,2,42.5
D Madushanka,2026,24,32,4.0,8.0,1,32.0
D Pretorius,2022,126,198,21.0,9.43,6,33.0
D Pretorius,2023,24,24,4.0,6.0,0,
D Salunkhe,2008,47,69,7.833333333333333,8.81,1,69.0
D Wiese,2015,254,344,42.333333333333336,8.13,16,21.5
D Wiese,2016,24,45,4.0,11.25,0,
D Wiese,2023,18,38,3.0,12.67,0,
D du Preez,2009,42,53,7.0,7.57,4,13.25
DA Payne,2026,30,69,5.0,13.8,2,34.5
DA Warner,2020,1,1,0.16666666666666666,6.0,0,
DAJ Bracewell,2012,24,31,4.0,7.75,3,10.33
DB Ravi Teja,2008,12,19,2.0,9.5,1,19.0
DB Ravi Teja,2011,6,9,1.0,9.0,0,
DE Bollinger,2010,186,198,31.0,6.39,12,16.5
DE Bollinger,2011,282,311,47.0,6.62,17,18.29
DE Bollinger,2012,108,152,18.0,8.44,8,19.0
DG Nalkande,2022,31,57,5.166666666666667,11.03,2,28.5
DG Nalkande,2023,24,43,4.0,10.75,1,43.0
DG Nalkande,2024,29,43,4.833333333333333,8.9,3,14.33
DJ Bravo,2008,171,222,28.5,7.79,11,20.18
DJ Bravo,2009,199,246,33.166666666666664,7.42,11,22.36
DJ Bravo,2010,157,223,26.166666666666668,8.52,4,55.75
DJ Bravo,2011,120,148,20.0,7.4,6,24.67
DJ Bravo,2012,346,442,57.666666666666664,7.66,15,29.47
DJ Bravo,2013,375,480,62.5,7.68,32,15.0
DJ Bravo,2015,314,410,52.333333333333336,7.83,26,15.77
DJ Bravo,2016,336,477,56.0,8.52,17,28.06
DJ Bravo,2018,321,516,53.5,9.64,14,36.86
DJ Bravo,2019,247,307,41.166666666666664,7.46,11,27.91
DJ Bravo,2020,126,171,21.0,8.14,6,28.5
DJ Bravo,2021,202,243,33.666666666666664,7.22,14,17.36
DJ Bravo,2022,206,275,34.333333333333336,8.01,16,17.19
DJ Harris,2012,18,26,3.0,8.67,0,
DJ Hooda,2015,91,122,15.166666666666666,8.04,1,122.0
DJ Hooda,2016,78,94,13.0,7.23,3,31.33
DJ Hooda,2017,24,42,4.0,10.5,2,21.0
DJ Hooda,2018,18,23,3.0,7.67,0,
DJ Hooda,2019,12,20,2.0,10.0,1,20.0
DJ Hooda,2020,6,9,1.0,9.0,0,
DJ Hooda,2021,96,136,16.0,8.5,2,68.0
DJ Hooda,2022,24,43,4.0,10.75,1,43.0
DJ Hooda,2023,6,8,1.0,8.0,0,
DJ Hooda,2024,18,21,3.0,7.0,0,
DJ Hooda,2025,6,14,1.0,14.0,0,
DJ Hussey,2008,78,129,13.0,9.92,2,64.5
DJ Hussey,2009,24,33,4.0,8.25,0,
DJ Hussey,2010,60,80,10.0,8.0,0,
DJ Hussey,2011,18,38,3.0,12.67,1,38.0
DJ Hussey,2012,54,62,9.0,6.89,3,20.67
DJ Hussey,2013,66,89,11.0,8.09,0,
DJ Hussey,2014,17,36,2.8333333333333335,12.71,2,18.0
DJ Mitchell,2022,12,26,2.0,13.0,0,
DJ Mitchell,2024,36,68,6.0,11.33,1,68.0
DJ Muthuswami,2015,84,101,14.0,7.21,4,25.25
DJ Thornely,2008,42,38,7.0,5.43,3,12.67
DJ Willey,2018,60,94,10.0,9.4,2,47.0
DJ Willey,2022,66,72,11.0,6.55,1,72.0
DJ Willey,2023,90,101,15.0,6.73,3,33.67
DJG Sammy,2013,134,161,22.333333333333332,7.21,8,20.12
DJG Sammy,2014,84,153,14.0,10.93,3,51.0
DJG Sammy,2015,18,25,3.0,8.33,0,
DJM Short,2018,18,19,3.0,6.33,1,19.0
DL Chahar,2016,30,38,5.0,7.6,0,
DL Chahar,2017,42,72,7.0,10.29,1,72.0
DL Chahar,2018,229,258,38.166666666666664,6.76,10,25.8
DL Chahar,2019,387,463,64.5,7.18,22,21.05
DL Chahar,2020,312,387,52.0,7.44,12,32.25
DL Chahar,2021,324,436,54.0,8.07,14,31.14
DL Chahar,2023,204,286,34.0,8.41,13,22.0
DL Chahar,2024,141,197,23.5,8.38,5,39.4
DL Chahar,2025,246,353,41.0,8.61,11,32.09
DL Chahar,2026,153,256,25.5,10.04,8,32.0
DL Vettori,2008,48,54,8.0,6.75,2,27.0
DL Vettori,2009,139,179,23.166666666666668,7.73,7,25.57
DL Vettori,2010,70,95,11.666666666666666,8.14,2,47.5
DL Vettori,2011,310,309,51.666666666666664,5.98,12,25.75
DL Vettori,2012,210,234,35.0,6.69,5,46.8
DNT Zoysa,2008,66,93,11.0,8.45,2,46.5
DP Nannes,2009,297,349,49.5,7.05,15,23.27
DP Nannes,2010,206,208,34.333333333333336,6.06,7,29.71
DP Nannes,2011,24,30,4.0,7.5,2,15.0
DP Nannes,2013,119,145,19.833333333333332,7.31,4,36.25
DP Vijaykumar,2008,152,190,25.333333333333332,7.5,4,47.5
DR Sams,2020,72,109,12.0,9.08,0,
DR Sams,2021,36,37,6.0,6.17,1,37.0
DR Sams,2022,252,341,42.0,8.12,13,26.23
DR Smith,2008,66,76,11.0,6.91,5,15.2
DR Smith,2009,84,122,14.0,8.71,1,122.0
DR Smith,2010,23,36,3.8333333333333335,9.39,1,36.0
DR Smith,2012,78,93,13.0,7.15,2,46.5
DR Smith,2013,30,56,5.0,11.2,2,28.0
DR Smith,2014,60,93,10.0,9.3,4,23.25
DR Smith,2015,12,17,2.0,8.5,1,17.0
DR Smith,2016,108,144,18.0,8.0,8,18.0
DR Smith,2017,78,144,13.0,11.08,2,72.0
DS Kulkarni,2008,177,210,29.5,7.12,11,19.09
DS Kulkarni,2009,156,198,26.0,7.62,5,39.6
DS Kulkarni,2010,24,35,4.0,8.75,1,35.0
DS Kulkarni,2011,120,141,20.0,7.05,5,28.2
DS Kulkarni,2012,48,59,8.0,7.38,6,9.83
DS Kulkarni,2013,112,140,18.666666666666668,7.5,8,17.5
DS Kulkarni,2014,162,210,27.0,7.78,6,35.0
DS Kulkarni,2015,210,261,35.0,7.46,13,20.08
DS Kulkarni,2016,294,361,49.0,7.37,18,20.06
DS Kulkarni,2017,113,168,18.833333333333332,8.92,3,56.0
DS Kulkarni,2018,119,181,19.833333333333332,9.13,4,45.25
DS Kulkarni,2019,210,324,35.0,9.26,6,54.0
DS Kulkarni,2020,18,20,3.0,6.67,0,
DS Kulkarni,2021,24,46,4.0,11.5,0,
DS Rathi,2025,312,415,52.0,7.98,14,29.64
DS Rathi,2026,234,391,39.0,10.03,5,78.2
DT Christian,2011,274,332,45.666666666666664,7.27,11,30.18
DT Christian,2012,162,226,27.0,8.37,8,28.25
DT Christian,2013,36,49,6.0,8.17,0,
DT Christian,2017,240,289,40.0,7.22,11,26.27
DT Christian,2018,71,101,11.833333333333334,8.54,4,25.25
DT Christian,2021,100,151,16.666666666666668,9.06,4,37.75
DW Steyn,2008,228,222,38.0,5.84,10,22.2
DW Steyn,2009,54,57,9.0,6.33,2,28.5
DW Steyn,2010,354,377,59.0,6.39,15,25.13
DW Steyn,2011,273,283,45.5,6.22,14,20.21
DW Steyn,2012,280,271,46.666666666666664,5.81,18,15.06
DW Steyn,2013,413,377,68.83333333333333,5.48,19,19.84
DW Steyn,2014,336,425,56.0,7.59,11,38.64
DW Steyn,2015,114,168,19.0,8.84,3,56.0
DW Steyn,2016,12,16,2.0,8.0,0,
DW Steyn,2019,48,69,8.0,8.62,4,17.25
DW Steyn,2020,70,128,11.666666666666666,10.97,1,128.0
E Malinga,2025,160,233,26.666666666666668,8.74,13,17.92
E Malinga,2026,326,482,54.333333333333336,8.87,20,24.1
F du Plessis,2012,6,16,1.0,16.0,0,
FA Allen,2021,66,89,11.0,8.09,1,89.0
FA Allen,2022,24,46,4.0,11.5,1,46.0
FH Edwards,2009,140,140,23.333333333333332,6.0,5,28.0
FY Fazal,2010,12,20,2.0,10.0,0,
Fazalhaq Farooqi,2022,72,106,12.0,8.83,2,53.0
Fazalhaq Farooqi,2023,80,111,13.333333333333334,8.32,4,27.75
Fazalhaq Farooqi,2025,102,208,17.0,12.24,0,
G Coetzee,2024,201,318,33.5,9.49,13,24.46
G Coetzee,2025,72,127,12.0,10.58,2,63.5
GB Hogg,2012,216,241,36.0,6.69,10,24.1
GB Hogg,2013,20,29,3.3333333333333335,8.7,0,
GB Hogg,2015,126,142,21.0,6.76,9,15.78
GB Hogg,2016,96,136,16.0,8.5,4,34.0
GC Viljoen,2019,138,210,23.0,9.13,7,30.0
GD McGrath,2008,324,351,54.0,6.5,12,29.25
GD Phillips,2021,12,19,2.0,9.5,1,19.0
GD Phillips,2023,18,20,3.0,6.67,1,20.0
GF Linde,2026,37,55,6.166666666666667,8.92,1,55.0
GH Vihari,2013,36,37,6.0,6.17,1,37.0
GH Vihari,2019,6,9,1.0,9.0,0,
GHS Garton,2021,90,127,15.0,8.47,3,42.33
GJ Maxwell,2012,18,21,3.0,7.0,1,21.0
GJ Maxwell,2013,12,23,2.0,11.5,0,
GJ Maxwell,2014,66,127,11.0,11.55,1,127.0
GJ Maxwell,2015,60,93,10.0,9.3,2,46.5
GJ Maxwell,2016,54,78,9.0,8.67,0,
GJ Maxwell,2017,114,124,19.0,6.53,7,17.71
GJ Maxwell,2018,96,130,16.0,8.12,5,26.0
GJ Maxwell,2020,126,169,21.0,8.05,3,56.33
GJ Maxwell,2021,96,132,16.0,8.25,3,44.0
GJ Maxwell,2022,144,163,24.0,6.79,6,27.17
GJ Maxwell,2023,62,92,10.333333333333334,8.9,3,30.67
GJ Maxwell,2024,96,123,16.0,7.69,6,20.5
GJ Maxwell,2025,78,106,13.0,8.15,4,26.5
GR Napier,2009,24,27,4.0,6.75,1,27.0
GS Sandhu,2015,48,82,8.0,10.25,1,82.0
Gagandeep Singh,2008,84,141,14.0,10.07,3,47.0
Gulbadin Naib,2024,6,12,1.0,12.0,0,
Gurjapneet Singh,2026,151,221,25.166666666666668,8.78,4,55.25
Gurkeerat Singh,2015,54,64,9.0,7.11,3,21.33
Gurkeerat Singh,2016,24,29,4.0,7.25,2,14.5
Gurnoor Brar,2023,18,38,3.0,12.67,0,
H Sharma,2023,18,28,3.0,9.33,0,
H Sharma,2024,12,29,2.0,14.5,0,
HF Gurney,2019,162,230,27.0,8.52,7,32.86
HH Pandya,2015,102,171,17.0,10.06,1,171.0
HH Pandya,2016,100,147,16.666666666666668,8.82,3,49.0
HH Pandya,2017,156,207,26.0,7.96,6,34.5
HH Pandya,2018,256,361,42.666666666666664,8.46,18,20.06
HH Pandya,2019,255,375,42.5,8.82,14,26.79
HH Pandya,2022,183,216,30.5,7.08,8,27.0
HH Pandya,2023,150,222,25.0,8.88,3,74.0
HH Pandya,2024,216,377,36.0,10.47,11,34.27
HH Pandya,2025,210,323,35.0,9.23,14,23.07
HH Pandya,2026,136,240,22.666666666666668,10.59,4,60.0
HR Shokeen,2022,90,123,15.0,8.2,2,61.5
HR Shokeen,2023,114,176,19.0,9.26,3,58.67
HV Patel,2012,246,337,41.0,8.22,9,37.44
HV Patel,2014,66,107,11.0,9.73,4,26.75
HV Patel,2015,263,319,43.833333333333336,7.28,17,18.76
HV Patel,2016,84,137,14.0,9.79,1,137.0
HV Patel,2017,24,42,4.0,10.5,3,14.0
HV Patel,2018,105,160,17.5,9.14,7,22.86
HV Patel,2019,48,69,8.0,8.62,2,34.5
HV Patel,2020,90,125,15.0,8.33,3,41.67
HV Patel,2021,338,424,56.333333333333336,7.53,32,13.25
HV Patel,2022,321,385,53.5,7.2,19,20.26
HV Patel,2023,283,423,47.166666666666664,8.97,14,30.21
HV Patel,2024,294,444,49.0,9.06,24,18.5
HV Patel,2025,263,387,43.833333333333336,8.83,16,24.19
HV Patel,2026,82,146,13.666666666666666,10.68,0,
Harbhajan Singh,2008,60,79,10.0,7.9,5,15.8
Harbhajan Singh,2009,264,252,44.0,5.73,12,21.0
Harbhajan Singh,2010,321,360,53.5,6.73,17,21.18
Harbhajan Singh,2011,318,358,53.0,6.75,14,25.57
Harbhajan Singh,2012,324,367,54.0,6.8,6,61.17
Harbhajan Singh,2013,420,439,70.0,6.27,24,18.29
Harbhajan Singh,2014,330,350,55.0,6.36,14,25.0
Harbhajan Singh,2015,342,436,57.0,7.65,18,24.22
Harbhajan Singh,2016,294,386,49.0,7.88,9,42.89
Harbhajan Singh,2017,246,265,41.0,6.46,8,33.12
Harbhajan Singh,2018,191,268,31.833333333333332,8.42,7,38.29
Harbhajan Singh,2019,264,305,44.0,6.93,16,19.06
Harbhajan Singh,2021,42,60,7.0,8.57,0,
Harmeet Singh,2009,137,187,22.833333333333332,8.19,3,62.33
Harmeet Singh,2010,144,163,24.0,6.79,8,20.38
Harmeet Singh,2011,42,47,7.0,6.71,3,15.67
Harmeet Singh,2012,134,179,22.333333333333332,8.01,7,25.57
Harmeet Singh,2013,92,117,15.333333333333334,7.63,6,19.5
Harpreet Brar,2019,30,48,5.0,9.6,0,
Harpreet Brar,2020,24,40,4.0,10.0,0,
Harpreet Brar,2021,138,134,23.0,5.83,5,26.8
Harpreet Brar,2022,96,141,16.0,8.81,4,35.25
Harpreet Brar,2023,163,215,27.166666666666668,7.91,9,23.89
Harpreet Brar,2024,228,297,38.0,7.82,7,42.43
Harpreet Brar,2025,132,182,22.0,8.27,10,18.2
Harpreet Brar,2026,48,59,8.0,7.38,2,29.5
Harsh Dubey,2025,60,97,10.0,9.7,5,19.4
Harsh Dubey,2026,132,220,22.0,10.0,8,27.5
Harshit Rana,2022,30,44,5.0,8.8,1,44.0
Harshit Rana,2023,102,140,17.0,8.24,5,28.0
Harshit Rana,2024,253,372,42.166666666666664,8.82,19,19.58
Harshit Rana,2025,264,433,44.0,9.84,15,28.87
I Malhotra,2011,6,23,1.0,23.0,0,
I Sharma,2008,253,300,42.166666666666664,7.11,7,42.86
I Sharma,2009,258,274,43.0,6.37,11,24.91
I Sharma,2010,150,225,25.0,9.0,7,32.14
I Sharma,2011,264,301,44.0,6.84,11,27.36
I Sharma,2013,358,443,59.666666666666664,7.42,15,29.53
I Sharma,2014,66,99,11.0,9.0,3,33.0
I Sharma,2015,84,150,14.0,10.71,1,150.0
I Sharma,2016,90,135,15.0,9.0,3,45.0
I Sharma,2017,108,172,18.0,9.56,0,
I Sharma,2019,276,337,46.0,7.33,13,25.92
I Sharma,2020,18,24,3.0,8.0,0,
I Sharma,2021,72,97,12.0,8.08,1,97.0
I Sharma,2023,150,191,25.0,7.64,10,19.1
I Sharma,2024,162,240,27.0,8.89,10,24.0
I Sharma,2025,110,198,18.333333333333332,10.8,4,49.5
I Udana,2020,174,274,29.0,9.45,8,34.25
IC Pandey,2013,24,45,4.0,11.25,1,45.0
IC Pandey,2014,252,315,42.0,7.5,6,52.5
IC Pandey,2015,186,220,31.0,7.1,11,20.0
IC Porel,2021,24,37,4.0,9.25,1,37.0
IK Pathan,2008,318,331,53.0,6.25,15,22.07
IK Pathan,2009,302,378,50.333333333333336,7.51,17,22.24
IK Pathan,2010,278,414,46.333333333333336,8.94,15,27.6
IK Pathan,2011,275,321,45.833333333333336,7.0,11,29.18
IK Pathan,2012,360,459,60.0,7.65,8,57.38
IK Pathan,2013,308,374,51.333333333333336,7.29,10,37.4
IK Pathan,2014,142,203,23.666666666666668,8.58,4,50.75
IK Pathan,2016,48,61,8.0,7.62,0,
IK Pathan,2017,12,26,2.0,13.0,0,
IS Sodhi,2018,138,135,23.0,5.87,5,27.0
IS Sodhi,2019,43,66,7.166666666666667,9.21,4,16.5
Imran Tahir,2014,125,164,20.833333333333332,7.87,9,18.22
Imran Tahir,2015,213,297,35.5,8.37,15,19.8
Imran Tahir,2016,96,137,16.0,8.56,5,27.4
Imran Tahir,2017,282,358,47.0,7.62,18,19.89
Imran Tahir,2018,124,186,20.666666666666668,9.0,6,31.0
Imran Tahir,2019,386,426,64.33333333333333,6.62,26,16.38
Imran Tahir,2020,66,76,11.0,6.91,1,76.0
Imran Tahir,2021,24,14,4.0,3.5,2,7.0
Iqbal Abdulla,2008,18,22,3.0,7.33,0,
Iqbal Abdulla,2010,51,61,8.5,7.18,1,61.0
Iqbal Abdulla,2011,300,300,50.0,6.0,16,18.75
Iqbal Abdulla,2012,132,140,22.0,6.36,4,35.0
Iqbal Abdulla,2013,113,142,18.833333333333332,7.54,7,20.29
Iqbal Abdulla,2014,12,17,2.0,8.5,0,
Iqbal Abdulla,2015,114,142,19.0,7.47,4,35.5
Iqbal Abdulla,2016,150,208,25.0,8.32,6,34.67
Iqbal Abdulla,2017,30,51,5.0,10.2,2,25.5
Ishan Kishan,2025,1,4,0.16666666666666666,24.0,0,
J Botha,2009,72,67,12.0,5.58,3,22.33
J Botha,2011,216,236,36.0,6.56,7,33.71
J Botha,2012,246,292,41.0,7.12,9,32.44
J Botha,2013,100,107,16.666666666666668,6.42,5,21.4
J Botha,2015,60,79,10.0,7.9,1,79.0
J Little,2023,204,287,34.0,8.44,7,41.0
J Little,2024,24,44,4.0,11.0,4,11.0
J Overton,2025,36,78,6.0,13.0,0,
J Overton,2026,168,241,28.0,8.61,14,17.21
J Suchith,2015,234,330,39.0,8.46,10,33.0
J Suchith,2016,12,29,2.0,14.5,0,
J Suchith,2019,24,28,4.0,7.0,2,14.0
J Suchith,2021,42,66,7.0,9.43,0,
J Suchith,2022,108,132,18.0,7.33,7,18.86
J Syed Mohammad,2011,90,126,15.0,8.4,5,25.2
J Syed Mohammad,2012,42,64,7.0,9.14,0,
J Syed Mohammad,2013,60,89,10.0,8.9,3,29.67
J Theron,2010,149,187,24.833333333333332,7.53,8,23.38
J Theron,2012,48,57,8.0,7.12,2,28.5
J Theron,2015,24,38,4.0,9.5,1,38.0
J Yadav,2015,42,29,7.0,4.14,2,14.5
J Yadav,2016,102,123,17.0,7.24,2,61.5
J Yadav,2017,36,40,6.0,6.67,0,
J Yadav,2019,42,49,7.0,7.0,1,49.0
J Yadav,2020,42,43,7.0,6.14,1,43.0
J Yadav,2021,102,126,17.0,7.41,2,63.0
J Yadav,2023,24,26,4.0,6.5,0,
JA Duffy,2026,144,247,24.0,10.29,9,27.44
JA Morkel,2008,288,370,48.0,7.71,17,21.76
JA Morkel,2009,240,309,40.0,7.72,13,23.77
JA Morkel,2010,286,392,47.666666666666664,8.22,11,35.64
JA Morkel,2011,270,371,45.0,8.24,15,24.73
JA Morkel,2012,297,367,49.5,7.41,13,28.23
JA Morkel,2013,144,153,24.0,6.38,7,21.86
JA Morkel,2014,96,117,16.0,7.31,4,29.25
JA Morkel,2015,72,107,12.0,8.92,3,35.67
JA Morkel,2016,30,61,5.0,12.2,2,30.5
JA Richardson,2021,66,114,11.0,10.36,3,38.0
JA Richardson,2024,24,38,4.0,9.5,0,
JC Archer,2018,233,309,38.833333333333336,7.96,15,20.6
JC Archer,2019,259,284,43.166666666666664,6.58,11,25.82
JC Archer,2020,335,353,55.833333333333336,6.32,20,17.65
JC Archer,2023,120,170,20.0,8.5,2,85.0
JC Archer,2025,274,408,45.666666666666664,8.93,11,37.09
JC Archer,2026,360,527,60.0,8.78,25,21.08
JD Ryder,2009,102,113,17.0,6.65,3,37.67
JD Ryder,2011,92,116,15.333333333333334,7.57,4,29.0
JD Ryder,2012,42,68,7.0,9.71,1,68.0
JD Unadkat,2010,62,85,10.333333333333334,8.23,4,21.25
JD Unadkat,2011,108,147,18.0,8.17,6,24.5
JD Unadkat,2012,18,32,3.0,10.67,0,
JD Unadkat,2013,294,365,49.0,7.45,13,28.08
JD Unadkat,2014,187,268,31.166666666666668,8.6,9,29.78
JD Unadkat,2015,18,30,3.0,10.0,0,
JD Unadkat,2016,18,48,3.0,16.0,0,
JD Unadkat,2017,275,318,45.833333333333336,6.94,24,13.25
JD Unadkat,2018,302,478,50.333333333333336,9.5,11,43.45
JD Unadkat,2019,224,386,37.333333333333336,10.34,10,38.6
JD Unadkat,2020,138,220,23.0,9.57,4,55.0
JD Unadkat,2021,132,166,22.0,7.55,4,41.5
JD Unadkat,2022,120,186,20.0,9.3,6,31.0
JD Unadkat,2023,48,84,8.0,10.5,0,
JD Unadkat,2024,187,306,31.166666666666668,9.82,8,38.25
JD Unadkat,2025,143,172,23.833333333333332,7.22,11,15.64
JD Unadkat,2026,77,139,12.833333333333334,10.83,4,34.75
JDP Oram,2008,96,145,16.0,9.06,3,48.33
JDP Oram,2009,93,126,15.5,8.13,5,25.2
JDP Oram,2011,24,45,4.0,11.25,1,45.0
JDP Oram,2013,24,20,4.0,5.0,0,
JDS Neesham,2014,54,88,9.0,9.78,1,88.0
JDS Neesham,2020,90,145,15.0,9.67,2,72.5
JDS Neesham,2021,54,66,9.0,7.33,5,13.2
JDS Neesham,2022,18,29,3.0,9.67,0,
JE Root,2023,12,14,2.0,7.0,0,
JE Taylor,2011,117,152,19.5,7.79,6,25.33
JEC Franklin,2011,61,95,10.166666666666666,9.34,3,31.67
JEC Franklin,2012,90,119,15.0,7.93,6,19.83
JH Kallis,2008,206,302,34.333333333333336,8.8,4,75.5
JH Kallis,2009,276,330,46.0,7.17,6,55.0
JH Kallis,2010,342,464,57.0,8.14,13,35.69
JH Kallis,2011,144,164,24.0,6.83,7,23.43
JH Kallis,2012,324,391,54.0,7.24,15,26.07
JH Kallis,2013,318,375,53.0,7.08,16,23.44
JH Kallis,2014,132,184,22.0,8.36,4,46.0
JJ Bumrah,2013,42,67,7.0,9.57,3,22.33
JJ Bumrah,2014,238,292,39.666666666666664,7.36,5,58.4
JJ Bumrah,2015,90,175,15.0,11.67,3,58.33
JJ Bumrah,2016,312,395,52.0,7.6,15,26.33
JJ Bumrah,2017,362,422,60.333333333333336,6.99,20,21.1
JJ Bumrah,2018,324,358,54.0,6.63,17,21.06
JJ Bumrah,2019,374,401,62.333333333333336,6.43,20,20.05
JJ Bumrah,2020,372,404,62.0,6.52,29,13.93
JJ Bumrah,2021,330,377,55.0,6.85,21,17.95
JJ Bumrah,2022,320,375,53.333333333333336,7.03,15,25.0
JJ Bumrah,2024,311,307,51.833333333333336,5.92,20,15.35
JJ Bumrah,2025,284,311,47.333333333333336,6.57,18,17.28
JJ Bumrah,2026,294,375,49.0,7.65,4,93.75
JJ van der Wath,2011,72,125,12.0,10.42,3,41.67
JL Pattinson,2020,213,311,35.5,8.76,11,28.27
JM Kemp,2010,44,51,7.333333333333333,6.95,3,17.0
JO Holder,2013,120,163,20.0,8.15,2,81.5
JO Holder,2014,18,23,3.0,7.67,1,23.0
JO Holder,2016,78,98,13.0,7.54,2,49.0
JO Holder,2020,168,225,28.0,8.04,14,16.07
JO Holder,2021,191,231,31.833333333333332,7.26,16,14.44
JO Holder,2022,249,374,41.5,9.01,14,26.71
JO Holder,2023,171,279,28.5,9.79,4,69.75
JO Holder,2026,230,284,38.333333333333336,7.41,17,16.71
JP Behrendorff,2019,114,162,19.0,8.53,5,32.4
JP Behrendorff,2023,252,373,42.0,8.88,14,26.64
JP Duminy,2009,105,86,17.5,4.91,4,21.5
JP Duminy,2010,33,37,5.5,6.73,1,37.0
JP Duminy,2011,108,140,18.0,7.78,4,35.0
JP Duminy,2012,72,98,12.0,8.17,1,98.0
JP Duminy,2014,198,230,33.0,6.97,3,76.67
JP Duminy,2015,102,121,17.0,7.12,8,15.12
JP Duminy,2016,42,54,7.0,7.71,2,27.0
JP Duminy,2018,18,36,3.0,12.0,0,
JP Faulkner,2011,12,9,2.0,4.5,1,9.0
JP Faulkner,2012,48,71,8.0,8.88,3,23.67
JP Faulkner,2013,379,411,63.166666666666664,6.51,28,14.68
JP Faulkner,2014,264,407,44.0,9.25,11,37.0
JP Faulkner,2015,270,415,45.0,9.22,8,51.88
JP Faulkner,2016,102,160,17.0,9.41,2,80.0
JP Faulkner,2017,163,268,27.166666666666668,9.87,8,33.5
JPR Scantlebury-Searles,2018,42,86,7.0,12.29,2,43.0
JR Hazlewood,2020,60,63,10.0,6.3,1,63.0
JR Hazlewood,2021,210,288,35.0,8.23,11,26.18
JR Hazlewood,2022,279,367,46.5,7.89,20,18.35
JR Hazlewood,2023,54,71,9.0,7.89,3,23.67
JR Hazlewood,2025,264,380,44.0,8.64,22,17.27
JR Hazlewood,2026,309,481,51.5,9.34,15,32.07
JR Hopes,2008,168,273,28.0,9.75,7,39.0
JR Hopes,2011,192,266,32.0,8.31,7,38.0
JW Hastings,2014,18,28,3.0,9.33,1,28.0
JW Hastings,2016,40,35,6.666666666666667,5.25,2,17.5
Jalaj S Saxena,2021,18,27,3.0,9.0,0,
Jaskaran Singh,2009,18,31,3.0,10.33,0,
Jaskaran Singh,2010,84,125,14.0,8.93,6,20.83
Joginder Sharma,2008,148,216,24.666666666666668,8.76,8,27.0
Joginder Sharma,2009,42,56,7.0,8.0,2,28.0
Joginder Sharma,2010,48,78,8.0,9.75,2,39.0
Joginder Sharma,2011,18,32,3.0,10.67,0,
K Goel,2008,12,25,2.0,12.5,0,
K Goel,2009,48,60,8.0,7.5,0,
K Goel,2010,6,7,1.0,7.0,0,
K Gowtham,2018,240,308,40.0,7.7,11,28.0
K Gowtham,2019,120,164,20.0,8.2,1,164.0
K Gowtham,2020,48,84,8.0,10.5,1,84.0
K Gowtham,2022,72,99,12.0,8.25,5,19.8
K Gowtham,2023,96,114,16.0,7.12,3,38.0
K Gowtham,2024,12,28,2.0,14.0,0,
K Kartikeya,2022,78,102,13.0,7.85,5,20.4
K Kartikeya,2023,156,219,26.0,8.42,5,43.8
K Kartikeya,2025,48,76,8.0,9.5,2,38.0
K Khejroliya,2018,65,102,10.833333333333334,9.42,2,51.0
K Khejroliya,2019,30,45,5.0,9.0,1,45.0
K Khejroliya,2023,26,60,4.333333333333333,13.85,2,30.0
K Khejroliya,2025,18,28,3.0,9.33,1,28.0
K Khejroliya,2026,12,23,2.0,11.5,0,
K Rabada,2017,128,170,21.333333333333332,7.97,6,28.33
K Rabada,2019,288,363,48.0,7.56,26,13.96
K Rabada,2020,398,532,66.33333333333333,8.02,32,16.62
K Rabada,2021,336,444,56.0,7.93,15,29.6
K Rabada,2022,288,382,48.0,7.96,23,16.61
K Rabada,2023,139,217,23.166666666666668,9.37,7,31.0
K Rabada,2024,252,362,42.0,8.62,11,32.91
K Rabada,2025,84,158,14.0,11.29,2,79.0
K Rabada,2026,388,613,64.66666666666667,9.48,29,21.14
K Santokie,2014,48,87,8.0,10.88,3,29.0
K Upadhyay,2012,24,33,4.0,8.25,0,
K Upadhyay,2013,30,46,5.0,9.2,0,
K Yadav,2021,12,16,2.0,8.0,0,
K Yadav,2023,42,68,7.0,9.71,2,34.0
KA Jamieson,2021,168,252,28.0,9.0,9,28.0
KA Jamieson,2025,90,143,15.0,9.53,5,28.6
KA Jamieson,2026,42,90,7.0,12.86,2,45.0
KA Maharaj,2024,36,39,6.0,6.5,2,19.5
KA Pollard,2010,222,262,37.0,7.08,15,17.47
KA Pollard,2011,255,340,42.5,8.0,10,34.0
KA Pollard,2012,263,327,43.833333333333336,7.46,16,20.44
KA Pollard,2013,186,281,31.0,9.06,10,28.1
KA Pollard,2014,150,252,25.0,10.08,2,126.0
KA Pollard,2015,76,115,12.666666666666666,9.08,3,38.33
KA Pollard,2016,36,80,6.0,13.33,0,
KA Pollard,2017,11,29,1.8333333333333335,15.82,0,
KA Pollard,2020,126,178,21.0,8.48,4,44.5
KA Pollard,2021,79,89,13.166666666666666,6.76,5,17.8
KA Pollard,2022,84,122,14.0,8.71,4,30.5
KAJ Roach,2010,48,76,8.0,9.5,0,
KC Cariappa,2015,12,28,2.0,14.0,1,28.0
KC Cariappa,2016,102,150,17.0,8.82,3,50.0
KC Cariappa,2017,90,123,15.0,8.2,4,30.75
KC Cariappa,2019,12,33,2.0,16.5,0,
KH Pandya,2016,187,225,31.166666666666668,7.22,6,37.5
KH Pandya,2017,240,266,40.0,6.65,10,26.6
KH Pandya,2018,241,279,40.166666666666664,6.95,12,23.25
KH Pandya,2019,276,329,46.0,7.15,12,27.42
KH Pandya,2020,301,360,50.166666666666664,7.18,6,60.0
KH Pandya,2021,199,244,33.166666666666664,7.36,5,48.8
KH Pandya,2022,228,261,38.0,6.87,10,26.1
KH Pandya,2023,252,312,42.0,7.43,9,34.67
KH Pandya,2024,198,240,33.0,7.27,6,40.0
KH Pandya,2025,276,370,46.0,8.04,17,21.76
KH Pandya,2026,303,415,50.5,8.22,14,29.64
KJ Abbott,2016,96,169,16.0,10.56,2,84.5
KK Ahmed,2018,18,37,3.0,12.33,0,
KK Ahmed,2019,209,274,34.833333333333336,7.87,20,13.7
KK Ahmed,2020,154,238,25.666666666666668,9.27,8,29.75
KK Ahmed,2021,162,212,27.0,7.85,5,42.4
KK Ahmed,2022,235,308,39.166666666666664,7.86,16,19.25
KK Ahmed,2023,198,281,33.0,8.52,9,31.22
KK Ahmed,2024,300,452,50.0,9.04,17,26.59
KK Ahmed,2025,280,431,46.666666666666664,9.24,15,28.73
KK Ahmed,2026,101,141,16.833333333333332,8.38,2,70.5
KK Cooper,2012,144,169,24.0,7.04,10,16.9
KK Cooper,2013,324,424,54.0,7.85,19,22.32
KK Cooper,2014,108,132,18.0,7.33,4,33.0
KL Nagarkoti,2020,156,227,26.0,8.73,5,45.4
KL Nagarkoti,2021,12,25,2.0,12.5,0,
KL Nagarkoti,2022,12,28,2.0,14.0,0,
KM Asif,2018,36,73,6.0,12.17,3,24.33
KM Asif,2021,13,16,2.1666666666666665,7.38,1,16.0
KM Asif,2023,85,129,14.166666666666666,9.11,3,43.0
KMA Paul,2019,163,202,27.166666666666668,7.44,9,22.44
KMDN Kulasekara,2011,18,25,3.0,8.33,1,25.0
KMDN Kulasekara,2012,84,90,14.0,6.43,4,22.5
KP Appanna,2009,72,87,12.0,7.25,2,43.5
KP Appanna,2010,42,49,7.0,7.0,1,49.0
KP Appanna,2012,102,142,17.0,8.35,6,23.67
KP Pietersen,2009,78,79,13.0,6.08,4,19.75
KP Pietersen,2010,60,77,10.0,7.7,3,25.67
KP Pietersen,2012,36,49,6.0,8.17,0,
KR Mayers,2023,42,53,7.0,7.57,0,
KR Sen,2022,151,230,25.166666666666668,9.14,8,28.75
KR Sen,2023,18,23,3.0,7.67,0,
KR Sen,2024,72,111,12.0,9.25,6,18.5
KS Williamson,2016,6,7,1.0,7.0,0,
KS Williamson,2020,12,24,2.0,12.0,0,
KT Maphaka,2024,36,86,6.0,14.33,1,86.0
KT Maphaka,2025,30,52,5.0,10.4,1,52.0
KV Sharma,2013,209,228,34.833333333333336,6.55,11,20.73
KV Sharma,2014,304,373,50.666666666666664,7.36,15,24.87
KV Sharma,2015,239,332,39.833333333333336,8.33,10,33.2
KV Sharma,2016,98,169,16.333333333333332,10.35,0,
KV Sharma,2017,184,209,30.666666666666668,6.82,13,16.08
KV Sharma,2018,57,88,9.5,9.26,4,22.0
KV Sharma,2019,17,33,2.8333333333333335,11.65,1,33.0
KV Sharma,2020,114,161,19.0,8.47,5,32.2
KV Sharma,2023,129,220,21.5,10.23,10,22.0
KV Sharma,2024,144,249,24.0,10.38,7,35.57
KV Sharma,2025,90,127,15.0,8.47,7,18.14
KW Richardson,2013,71,99,11.833333333333334,8.37,2,49.5
KW Richardson,2014,162,201,27.0,7.44,9,22.33
KW Richardson,2016,84,130,14.0,9.29,7,18.57
KW Richardson,2021,18,28,3.0,9.33,1,28.0
Kamran Khan,2009,112,129,18.666666666666668,6.91,7,18.43
Kamran Khan,2010,36,51,6.0,8.5,3,17.0
Kamran Khan,2011,18,47,3.0,15.67,0,
Karanveer Singh,2014,120,158,20.0,7.9,11,14.36
Karanveer Singh,2015,84,154,14.0,11.0,1,154.0
Karim Janat,2025,6,30,1.0,30.0,0,
Kartik Tyagi,2020,229,351,38.166666666666664,9.2,9,39.0
Kartik Tyagi,2021,84,112,14.0,8.0,4,28.0
Kartik Tyagi,2022,48,72,8.0,9.0,1,72.0
Kartik Tyagi,2023,37,78,6.166666666666667,12.65,1,78.0
Kartik Tyagi,2024,24,49,4.0,12.25,0,
Kartik Tyagi,2026,306,484,51.0,9.49,18,26.89
Krish Bhagat,2026,36,63,6.0,10.5,0,
Kuldeep Yadav,2016,72,94,12.0,7.83,6,15.67
Kuldeep Yadav,2017,246,335,41.0,8.17,12,27.92
Kuldeep Yadav,2018,308,410,51.333333333333336,7.99,17,24.12
Kuldeep Yadav,2019,198,282,33.0,8.55,4,70.5
Kuldeep Yadav,2020,72,89,12.0,7.42,1,89.0
Kuldeep Yadav,2022,298,411,49.666666666666664,8.28,21,19.57
Kuldeep Yadav,2023,294,355,49.0,7.24,10,35.5
Kuldeep Yadav,2024,258,363,43.0,8.44,16,22.69
Kuldeep Yadav,2025,318,383,53.0,7.23,15,25.53
Kuldeep Yadav,2026,222,376,37.0,10.16,10,37.6
L Ablish,2010,24,33,4.0,8.25,3,11.0
L Ablish,2011,18,39,3.0,13.0,0,
L Balaji,2008,198,278,33.0,8.42,11,25.27
L Balaji,2009,224,311,37.333333333333336,8.33,13,23.92
L Balaji,2010,140,192,23.333333333333332,8.23,7,27.43
L Balaji,2011,266,350,44.333333333333336,7.89,10,35.0
L Balaji,2012,180,151,30.0,5.03,11,13.73
L Balaji,2013,300,375,50.0,7.5,12,31.25
L Balaji,2014,204,286,34.0,8.41,12,23.83
L Ngidi,2018,156,149,26.0,5.73,11,13.55
L Ngidi,2020,96,147,16.0,9.19,9,16.33
L Ngidi,2021,72,122,12.0,10.17,5,24.4
L Ngidi,2025,48,81,8.0,10.12,4,20.25
L Ngidi,2026,248,333,41.333333333333336,8.06,13,25.62
L Wood,2024,36,91,6.0,15.17,1,91.0
LA Carseldine,2009,6,5,1.0,5.0,1,5.0
LB Williams,2024,37,61,6.166666666666667,9.89,1,61.0
LE Plunkett,2018,150,221,25.0,8.84,4,55.25
LH Ferguson,2017,78,84,13.0,6.46,3,28.0
LH Ferguson,2019,102,178,17.0,10.47,2,89.0
LH Ferguson,2020,122,143,20.333333333333332,7.03,8,17.88
LH Ferguson,2021,180,217,30.0,7.23,13,16.69
LH Ferguson,2022,286,411,47.666666666666664,8.62,12,34.25
LH Ferguson,2023,46,80,7.666666666666667,10.43,1,80.0
LH Ferguson,2024,144,248,24.0,10.33,9,27.56
LH Ferguson,2025,68,93,11.333333333333334,8.21,6,15.5
LH Ferguson,2026,66,137,11.0,12.45,1,137.0
LI Meriwala,2021,18,27,3.0,9.0,1,27.0
LJ Wright,2012,12,24,2.0,12.0,0,
LJ Wright,2013,59,96,9.833333333333334,9.76,2,48.0
LMP Simmons,2014,18,34,3.0,11.33,1,34.0
LPC Silva,2008,6,21,1.0,21.0,0,
LR Shukla,2008,72,111,12.0,9.25,6,18.5
LR Shukla,2009,84,95,14.0,6.79,3,31.67
LR Shukla,2010,72,106,12.0,8.83,3,35.33
LR Shukla,2012,12,12,2.0,6.0,1,12.0
LR Shukla,2013,18,22,3.0,7.33,1,22.0
LR Shukla,2014,56,81,9.333333333333334,8.68,1,81.0
LRPL Taylor,2009,6,12,1.0,12.0,0,
LRPL Taylor,2011,6,11,1.0,11.0,0,
LS Livingstone,2019,6,13,1.0,13.0,0,
LS Livingstone,2022,138,196,23.0,8.52,6,32.67
LS Livingstone,2023,42,94,7.0,13.43,2,47.0
LS Livingstone,2024,72,81,12.0,6.75,3,27.0
LS Livingstone,2025,54,76,9.0,8.44,2,38.0
Lalit Yadav,2021,84,101,14.0,7.21,4,25.25
Lalit Yadav,2022,108,142,18.0,7.89,4,35.5
Lalit Yadav,2023,78,114,13.0,8.77,2,57.0
Lalit Yadav,2024,18,56,3.0,18.67,0,
M Ashwin,2016,171,234,28.5,8.21,7,33.43
M Ashwin,2018,42,50,7.0,7.14,3,16.67
M Ashwin,2019,204,247,34.0,7.26,5,49.4
M Ashwin,2020,189,233,31.5,7.4,10,23.3
M Ashwin,2021,66,91,11.0,8.27,1,91.0
M Ashwin,2022,174,223,29.0,7.69,9,24.78
M Ashwin,2023,24,52,4.0,13.0,0,
M Jansen,2021,36,40,6.0,6.67,2,20.0
M Jansen,2022,192,261,32.0,8.16,7,37.29
M Jansen,2023,163,231,27.166666666666668,8.5,10,23.1
M Jansen,2024,60,115,10.0,11.5,1,115.0
M Jansen,2025,284,417,47.333333333333336,8.81,16,26.06
M Jansen,2026,284,469,47.333333333333336,9.91,9,52.11
M Kartik,2008,88,126,14.666666666666666,8.59,3,42.0
M Kartik,2009,204,189,34.0,5.56,4,47.25
M Kartik,2010,234,248,39.0,6.36,9,27.56
M Kartik,2011,125,157,20.833333333333332,7.54,1,157.0
M Kartik,2012,216,251,36.0,6.97,4,62.75
M Kartik,2013,234,275,39.0,7.05,9,30.56
M Kartik,2014,48,90,8.0,11.25,1,90.0
M Manhas,2011,42,42,7.0,6.0,0,
M Markande,2018,264,364,44.0,8.27,15,24.27
M Markande,2019,36,58,6.0,9.67,1,58.0
M Markande,2021,18,26,3.0,8.67,0,
M Markande,2022,42,57,7.0,8.14,1,57.0
M Markande,2023,228,297,38.0,7.82,12,24.75
M Markande,2024,132,248,22.0,11.27,8,31.0
M Markande,2026,30,75,5.0,15.0,0,
M Morkel,2009,42,38,7.0,5.43,0,
M Morkel,2010,42,62,7.0,8.86,0,
M Morkel,2011,258,305,43.0,7.09,13,23.46
M Morkel,2012,378,434,63.0,6.89,25,17.36
M Morkel,2013,240,327,40.0,8.18,7,46.71
M Morkel,2014,288,339,48.0,7.06,12,28.25
M Morkel,2015,168,200,28.0,7.14,10,20.0
M Morkel,2016,213,290,35.5,8.17,10,29.0
M Muralitharan,2008,348,377,58.0,6.5,11,34.27
M Muralitharan,2009,300,257,50.0,5.14,14,18.36
M Muralitharan,2010,292,320,48.666666666666664,6.58,16,20.0
M Muralitharan,2011,114,137,19.0,7.21,2,68.5
M Muralitharan,2012,240,255,40.0,6.38,15,17.0
M Muralitharan,2013,138,174,23.0,7.57,3,58.0
M Muralitharan,2014,96,121,16.0,7.56,3,40.33
M Ntini,2008,210,237,35.0,6.77,7,33.86
M Pathirana,2022,41,41,6.833333333333333,6.0,2,20.5
M Pathirana,2023,278,329,46.333333333333336,7.1,19,17.32
M Pathirana,2024,132,154,22.0,7.0,13,11.85
M Pathirana,2025,251,387,41.833333333333336,9.25,13,29.77
M Pathirana,2026,8,7,1.3333333333333333,5.25,0,
M Prasidh Krishna,2018,168,251,28.0,8.96,10,25.1
M Prasidh Krishna,2019,248,374,41.333333333333336,9.05,5,74.8
M Prasidh Krishna,2020,106,160,17.666666666666668,9.06,4,40.0
M Prasidh Krishna,2021,231,322,38.5,8.36,12,26.83
M Prasidh Krishna,2022,399,504,66.5,7.58,19,26.53
M Prasidh Krishna,2025,354,477,59.0,8.08,25,19.08
M Prasidh Krishna,2026,234,399,39.0,10.23,16,24.94
M Shahrukh Khan,2024,12,15,2.0,7.5,0,
M Shahrukh Khan,2025,6,13,1.0,13.0,1,13.0
M Siddharth,2024,55,62,9.166666666666666,6.76,1,62.0
M Siddharth,2025,42,65,7.0,9.29,2,32.5
M Siddharth,2026,90,142,15.0,9.47,6,23.67
M Theekshana,2022,210,259,35.0,7.4,12,21.58
M Theekshana,2023,294,387,49.0,7.9,11,35.18
M Theekshana,2024,120,143,20.0,7.15,2,71.5
M Theekshana,2025,252,384,42.0,9.14,11,34.91
M Tiwari,2025,6,14,1.0,14.0,0,
M Tiwari,2026,60,78,10.0,7.8,4,19.5
M Vijay,2014,6,13,1.0,13.0,0,
M Vijay,2015,24,28,4.0,7.0,0,
M Vijay,2016,6,7,1.0,7.0,0,
M de Lange,2012,60,103,10.0,10.3,3,34.33
M de Lange,2014,24,29,4.0,7.25,2,14.5
M de Lange,2015,24,24,4.0,6.0,0,
MA Khote,2008,30,51,5.0,10.2,2,25.5
MA Starc,2014,322,381,53.666666666666664,7.1,14,27.21
MA Starc,2015,258,273,43.0,6.35,20,13.65
MA Starc,2024,251,414,41.833333333333336,9.9,17,24.35
MA Starc,2025,233,366,38.833333333333336,9.42,14,26.14
MA Starc,2026,132,212,22.0,9.64,11,19.27
MA Wood,2018,24,48,4.0,12.0,0,
MA Wood,2023,96,124,16.0,7.75,11,11.27
MB Parmar,2010,18,32,3.0,10.67,0,
MC Henriques,2009,73,104,12.166666666666666,8.55,2,52.0
MC Henriques,2010,24,35,4.0,8.75,1,35.0
MC Henriques,2013,127,180,21.166666666666668,8.5,7,25.71
MC Henriques,2014,60,93,10.0,9.3,4,23.25
MC Henriques,2015,150,151,25.0,6.04,11,13.73
MC Henriques,2016,312,409,52.0,7.87,12,34.08
MC Henriques,2017,144,239,24.0,9.96,1,239.0
MC Henriques,2021,60,44,10.0,4.4,4,11.0
MD Shanaka,2026,36,58,6.0,9.67,1,58.0
MF Maharoof,2008,216,238,36.0,6.61,15,15.87
MF Maharoof,2009,60,58,10.0,5.8,4,14.5
MF Maharoof,2010,144,196,24.0,8.17,8,24.5
MG Bracewell,2023,66,95,11.0,8.64,6,15.83
MG Johnson,2013,384,436,64.0,6.81,24,18.17
MG Johnson,2014,321,419,53.5,7.83,17,24.65
MG Johnson,2015,218,321,36.333333333333336,8.83,10,32.1
MG Johnson,2016,66,103,11.0,9.36,2,51.5
MG Johnson,2017,120,135,20.0,6.75,7,19.29
MG Johnson,2018,126,209,21.0,9.95,2,104.5
MG Neser,2013,24,59,4.0,14.75,0,
MJ Clarke,2012,66,67,11.0,6.09,2,33.5
MJ Henry,2017,30,70,5.0,14.0,1,70.0
MJ Henry,2024,72,108,12.0,9.0,1,108.0
MJ Henry,2026,60,129,10.0,12.9,2,64.5
MJ McClenaghan,2015,282,363,47.0,7.72,18,20.17
MJ McClenaghan,2016,320,420,53.333333333333336,7.88,17,24.71
MJ McClenaghan,2017,324,464,54.0,8.59,19,24.42
MJ McClenaghan,2018,240,311,40.0,7.78,14,22.21
MJ McClenaghan,2019,108,136,18.0,7.56,3,45.33
MJ Santner,2019,84,79,14.0,5.64,4,19.75
MJ Santner,2020,42,53,7.0,7.57,2,26.5
MJ Santner,2022,114,130,19.0,6.84,4,32.5
MJ Santner,2023,72,81,12.0,6.75,3,27.0
MJ Santner,2024,54,64,9.0,7.11,2,32.0
MJ Santner,2025,237,302,39.5,7.65,10,30.2
MJ Santner,2026,84,122,14.0,8.71,5,24.4
MJ Suthar,2024,12,26,2.0,13.0,0,
MJ Suthar,2026,36,66,6.0,11.0,2,33.0
MK Lomror,2018,18,27,3.0,9.0,0,
MK Lomror,2021,42,46,7.0,6.57,1,46.0
MK Lomror,2022,12,18,2.0,9.0,0,
MK Lomror,2023,12,17,2.0,8.5,0,
MK Lomror,2024,6,15,1.0,15.0,0,
MK Tiwary,2009,6,11,1.0,11.0,0,
MK Tiwary,2010,6,10,1.0,10.0,1,10.0
MK Tiwary,2011,12,22,2.0,11.0,0,
MK Tiwary,2014,12,28,2.0,14.0,0,
MK Tiwary,2018,6,7,1.0,7.0,0,
MM Ali,2018,79,95,13.166666666666666,7.22,3,31.67
MM Ali,2019,150,168,25.0,6.72,6,28.0
MM Ali,2020,30,40,5.0,8.0,1,40.0
MM Ali,2021,152,159,25.333333333333332,6.28,6,26.5
MM Ali,2022,143,155,23.833333333333332,6.5,8,19.38
MM Ali,2023,156,194,26.0,7.46,9,21.56
MM Ali,2024,48,70,8.0,8.75,2,35.0
MM Ali,2025,96,133,16.0,8.31,6,22.17
MM Patel,2008,330,408,55.0,7.42,14,29.14
MM Patel,2009,209,219,34.833333333333336,6.29,16,13.69
MM Patel,2010,78,118,13.0,9.08,3,39.33
MM Patel,2011,326,355,54.333333333333336,6.53,22,16.14
MM Patel,2012,280,354,46.666666666666664,7.59,15,23.6
MM Patel,2013,90,136,15.0,9.07,3,45.33
MM Patel,2017,42,57,7.0,8.14,1,57.0
MM Sharma,2013,304,319,50.666666666666664,6.3,20,15.95
MM Sharma,2014,323,451,53.833333333333336,8.38,23,19.61
MM Sharma,2015,342,466,57.0,8.18,14,33.29
MM Sharma,2016,291,394,48.5,8.12,13,30.31
MM Sharma,2017,274,406,45.666666666666664,8.89,13,31.23
MM Sharma,2018,178,312,29.666666666666668,10.52,7,44.57
MM Sharma,2019,18,27,3.0,9.0,1,27.0
MM Sharma,2020,24,44,4.0,11.0,1,44.0
MM Sharma,2023,265,358,44.166666666666664,8.11,27,13.26
MM Sharma,2024,234,408,39.0,10.46,13,31.38
MM Sharma,2025,150,239,25.0,9.56,2,119.5
MN Samuels,2012,172,211,28.666666666666668,7.36,8,26.38
MN Samuels,2013,24,33,4.0,8.25,1,33.0
MN Samuels,2017,18,34,3.0,11.33,0,
MP Stoinis,2016,138,191,23.0,8.3,8,23.88
MP Stoinis,2017,63,104,10.5,9.9,2,52.0
MP Stoinis,2018,66,120,11.0,10.91,3,40.0
MP Stoinis,2019,100,142,16.666666666666668,8.52,2,71.0
MP Stoinis,2020,178,276,29.666666666666668,9.3,13,21.23
MP Stoinis,2021,67,109,11.166666666666666,9.76,2,54.5
MP Stoinis,2022,42,77,7.0,11.0,4,19.25
MP Stoinis,2023,65,96,10.833333333333334,8.86,5,19.2
MP Stoinis,2024,84,119,14.0,8.5,4,29.75
MP Stoinis,2025,85,163,14.166666666666666,11.51,1,163.0
MP Stoinis,2026,47,92,7.833333333333333,11.74,2,46.0
MP Yadav,2024,73,81,12.166666666666666,6.66,7,11.57
MP Yadav,2025,48,95,8.0,11.88,2,47.5
MP Yadav,2026,96,177,16.0,11.06,0,
MR Marsh,2010,60,83,10.0,8.3,2,41.5
MR Marsh,2011,85,98,14.166666666666666,6.92,7,14.0
MR Marsh,2013,116,176,19.333333333333332,9.1,7,25.14
MR Marsh,2016,54,44,9.0,4.89,4,11.0
MR Marsh,2020,4,6,0.6666666666666666,9.0,0,
MR Marsh,2022,72,98,12.0,8.17,4,24.5
MR Marsh,2023,121,159,20.166666666666668,7.88,12,13.25
MR Marsh,2024,48,97,8.0,12.12,1,97.0
MS Gony,2008,360,431,60.0,7.18,17,25.35
MS Gony,2009,102,166,17.0,9.76,5,33.2
MS Gony,2010,48,89,8.0,11.12,1,89.0
MS Gony,2011,54,84,9.0,9.33,4,21.0
MS Gony,2012,144,200,24.0,8.33,3,66.67
MS Gony,2013,168,249,28.0,8.89,7,35.57
MS Gony,2017,12,29,2.0,14.5,0,
MW Short,2023,24,24,4.0,6.0,0,
MW Short,2026,19,38,3.1666666666666665,12.0,0,
Mandeep Singh,2019,12,26,2.0,13.0,0,
Mashrafe Mortaza,2009,24,50,4.0,12.5,0,
Mayank Dagar,2023,66,83,11.0,7.55,1,83.0
Mayank Dagar,2024,71,115,11.833333333333334,9.72,1,115.0
Mohammad Asif,2008,192,288,32.0,9.0,8,36.0
Mohammad Hafeez,2008,60,61,10.0,6.1,2,30.5
Mohammad Nabi,2017,66,58,11.0,5.27,2,29.0
Mohammad Nabi,2018,30,47,5.0,9.4,1,47.0
Mohammad Nabi,2019,175,194,29.166666666666668,6.65,8,24.25
Mohammad Nabi,2020,24,20,4.0,5.0,0,
Mohammad Nabi,2021,48,86,8.0,10.75,2,43.0
Mohammad Nabi,2024,74,109,12.333333333333334,8.84,2,54.5
Mohammed Shami,2013,54,71,9.0,7.89,1,71.0
Mohammed Shami,2014,264,348,44.0,7.91,7,49.71
Mohammed Shami,2016,151,234,25.166666666666668,9.3,5,46.8
Mohammed Shami,2017,156,230,26.0,8.85,5,46.0
Mohammed Shami,2018,83,142,13.833333333333334,10.27,3,47.33
Mohammed Shami,2019,324,461,54.0,8.54,19,24.26
Mohammed Shami,2020,330,448,55.0,8.15,20,22.4
Mohammed Shami,2021,316,387,52.666666666666664,7.35,19,20.37
Mohammed Shami,2022,366,460,61.0,7.54,20,23.0
Mohammed Shami,2023,391,503,65.16666666666667,7.72,28,17.96
Mohammed Shami,2025,180,326,30.0,10.87,6,54.33
Mohammed Shami,2026,306,438,51.0,8.59,12,36.5
Mohammed Siraj,2017,138,209,23.0,9.09,10,20.9
Mohammed Siraj,2018,246,345,41.0,8.41,11,31.36
Mohammed Siraj,2019,169,243,28.166666666666668,8.63,7,34.71
Mohammed Siraj,2020,163,221,27.166666666666668,8.13,11,20.09
Mohammed Siraj,2021,312,344,52.0,6.62,11,31.27
Mohammed Siraj,2022,306,484,51.0,9.49,9,53.78
Mohammed Siraj,2023,300,335,50.0,6.7,19,17.63
Mohammed Siraj,2024,324,469,54.0,8.69,15,31.27
Mohammed Siraj,2025,342,497,57.0,8.72,16,31.06
Mohammed Siraj,2026,372,544,62.0,8.77,19,28.63
Mohit Rathee,2023,12,29,2.0,14.5,0,
Mohsin Khan,2022,198,185,33.0,5.61,14,13.21
Mohsin Khan,2023,60,103,10.0,10.3,3,34.33
Mohsin Khan,2024,228,375,38.0,9.87,10,37.5
Mohsin Khan,2026,168,225,28.0,8.04,11,20.45
Monu Kumar,2020,12,14,2.0,7.0,0,
Mujeeb Ur Rahman,2018,248,282,41.333333333333336,6.82,14,20.14
Mujeeb Ur Rahman,2019,114,175,19.0,9.21,3,58.33
Mujeeb Ur Rahman,2020,48,80,8.0,10.0,0,
Mujeeb Ur Rahman,2021,24,27,4.0,6.75,2,13.5
Mujeeb Ur Rahman,2025,12,23,2.0,11.5,1,23.0
Mukesh Choudhary,2022,273,406,45.5,8.92,16,25.38
Mukesh Choudhary,2024,6,20,1.0,20.0,0,
Mukesh Choudhary,2025,36,71,6.0,11.83,1,71.0
Mukesh Choudhary,2026,168,239,28.0,8.54,8,29.88
Mukesh Kumar,2023,186,313,31.0,10.1,8,39.12
Mukesh Kumar,2024,213,358,35.5,10.08,17,21.06
Mukesh Kumar,2025,237,385,39.5,9.75,12,32.08
Mukesh Kumar,2026,188,336,31.333333333333332,10.72,6,56.0
Musheer Khan,2025,12,27,2.0,13.5,1,27.0
Mustafizur Rahman,2016,366,411,61.0,6.74,17,24.18
Mustafizur Rahman,2017,16,33,2.6666666666666665,12.38,0,
Mustafizur Rahman,2018,165,227,27.5,8.25,7,32.43
Mustafizur Rahman,2021,311,415,51.833333333333336,8.01,14,29.64
Mustafizur Rahman,2022,192,237,32.0,7.41,8,29.62
Mustafizur Rahman,2023,42,79,7.0,11.29,1,79.0
Mustafizur Rahman,2024,207,290,34.5,8.41,14,20.71
Mustafizur Rahman,2025,66,87,11.0,7.91,4,21.75
N Burger,2024,102,138,17.0,8.12,7,19.71
N Burger,2026,261,407,43.5,9.36,14,29.07
N Rana,2016,6,3,1.0,3.0,0,
N Rana,2018,37,43,6.166666666666667,6.97,4,10.75
N Rana,2019,48,70,8.0,8.75,3,23.33
N Rana,2020,12,22,2.0,11.0,0,
N Rana,2021,12,12,2.0,6.0,0,
N Rana,2022,12,23,2.0,11.5,0,
N Rana,2023,53,74,8.833333333333334,8.38,3,24.67
N Rana,2025,12,18,2.0,9.0,0,
N Rana,2026,24,53,4.0,13.25,0,
N Thushara,2024,156,236,26.0,9.08,8,29.5
N Thushara,2025,24,24,4.0,6.0,1,24.0
N Wadhera,2024,12,13,2.0,6.5,0,
N Wadhera,2025,5,9,0.8333333333333334,10.8,0,
NA Saini,2023,12,23,2.0,11.5,0,
NB Singh,2017,24,14,4.0,3.5,1,14.0
ND Doshi,2010,24,16,4.0,4.0,1,16.0
ND Doshi,2011,32,62,5.333333333333333,11.62,1,62.0
NJ Rimmington,2011,18,19,3.0,6.33,0,
NL McCullum,2011,30,34,5.0,6.8,0,
NLTC Perera,2010,6,19,1.0,19.0,0,
NLTC Perera,2011,84,109,14.0,7.79,2,54.5
NLTC Perera,2012,15,27,2.5,10.8,0,
NLTC Perera,2013,358,463,59.666666666666664,7.76,19,24.37
NLTC Perera,2015,36,54,6.0,9.0,1,54.0
NLTC Perera,2016,199,323,33.166666666666664,9.74,9,35.89
NM Coulter-Nile,2013,24,28,4.0,7.0,1,28.0
NM Coulter-Nile,2014,24,21,4.0,5.25,2,10.5
NM Coulter-Nile,2015,255,312,42.5,7.34,15,20.8
NM Coulter-Nile,2016,90,106,15.0,7.07,3,35.33
NM Coulter-Nile,2017,170,220,28.333333333333332,7.76,15,14.67
NM Coulter-Nile,2020,156,195,26.0,7.5,5,39.0
NM Coulter-Nile,2021,120,126,20.0,6.3,7,18.0
NM Coulter-Nile,2022,18,46,3.0,15.33,0,
NT Ellis,2021,66,88,11.0,8.0,1,88.0
NT Ellis,2022,36,51,6.0,8.5,3,17.0
NT Ellis,2023,228,326,38.0,8.58,13,25.08
NT Ellis,2024,24,24,4.0,6.0,1,24.0
NT Ellis,2025,24,37,4.0,9.25,1,37.0
Naman Dhir,2024,28,54,4.666666666666667,11.57,0,
Naman Dhir,2025,24,21,4.0,5.25,0,
Navdeep Saini,2019,288,374,48.0,7.79,11,34.0
Navdeep Saini,2020,280,366,46.666666666666664,7.84,7,52.29
Navdeep Saini,2021,24,50,4.0,12.5,0,
Navdeep Saini,2022,36,65,6.0,10.83,3,21.67
Navdeep Saini,2023,24,39,4.0,9.75,3,13.0
Navdeep Saini,2026,18,36,3.0,12.0,0,
Naveen-ul-Haq,2023,169,208,28.166666666666668,7.38,11,18.91
Naveen-ul-Haq,2024,219,356,36.5,9.75,14,25.43
Nithish Kumar Reddy,2023,30,53,5.0,10.6,0,
Nithish Kumar Reddy,2024,79,145,13.166666666666666,11.01,3,48.33
Nithish Kumar Reddy,2025,30,43,5.0,8.6,2,21.5
Nithish Kumar Reddy,2026,186,312,31.0,10.06,8,39.0
Noor Ahmad,2023,283,352,47.166666666666664,7.46,16,22.0
Noor Ahmad,2024,209,284,34.833333333333336,8.15,8,35.5
Noor Ahmad,2025,300,384,50.0,7.68,24,16.0
Noor Ahmad,2026,306,413,51.0,8.1,13,31.77
O Thomas,2019,60,75,10.0,7.5,5,15.0
OC McCoy,2022,156,219,26.0,8.42,11,19.91
OC McCoy,2023,6,12,1.0,12.0,0,
OF Smith,2022,90,172,15.0,11.47,6,28.67
P Amarnath,2008,132,236,22.0,10.73,7,33.71
P Awana,2012,282,358,47.0,7.62,17,21.06
P Awana,2013,324,396,54.0,7.33,15,26.4
P Awana,2014,141,236,23.5,10.04,7,33.71
P Dubey,2020,48,72,8.0,9.0,0,
P Dubey,2023,18,18,3.0,6.0,1,18.0
P Dubey,2025,12,20,2.0,10.0,1,20.0
P Kumar,2008,268,352,44.666666666666664,7.88,11,32.0
P Kumar,2009,298,380,49.666666666666664,7.65,13,29.23
P Kumar,2010,270,358,45.0,7.96,10,35.8
P Kumar,2011,276,334,46.0,7.26,10,33.4
P Kumar,2012,378,412,63.0,6.54,9,45.78
P Kumar,2013,338,355,56.333333333333336,6.3,12,29.58
P Kumar,2014,72,77,12.0,6.42,3,25.67
P Kumar,2015,216,315,36.0,8.75,7,45.0
P Kumar,2016,309,383,51.5,7.44,9,42.56
P Kumar,2017,99,140,16.5,8.48,6,23.33
P Negi,2012,132,151,22.0,6.86,7,21.57
P Negi,2013,24,26,4.0,6.5,0,
P Negi,2014,42,74,7.0,10.57,0,
P Negi,2015,180,249,30.0,8.3,6,41.5
P Negi,2016,54,84,9.0,9.33,1,84.0
P Negi,2017,193,190,32.166666666666664,5.91,16,11.88
P Negi,2018,24,49,4.0,12.25,1,49.0
P Negi,2019,67,99,11.166666666666666,8.87,3,33.0
P Parameswaran,2011,94,128,15.666666666666666,8.17,4,32.0
P Parameswaran,2012,60,85,10.0,8.5,5,17.0
P Prasanth,2011,6,18,1.0,18.0,0,
P Ray Barman,2019,24,56,4.0,14.0,0,
P Sahu,2016,105,144,17.5,8.23,3,48.0
P Suyal,2013,18,20,3.0,6.67,1,20.0
P Suyal,2014,18,32,3.0,10.67,1,32.0
P Suyal,2015,60,85,10.0,8.5,0,
PC Valthaty,2011,145,183,24.166666666666668,7.57,7,26.14
PC Valthaty,2012,6,16,1.0,16.0,0,
PD Collingwood,2010,89,100,14.833333333333334,6.74,5,20.0
PH Solanki,2022,36,38,6.0,6.33,2,19.0
PHKD Mendis,2025,42,60,7.0,8.57,2,30.0
PJ Cummins,2014,24,29,4.0,7.25,1,29.0
PJ Cummins,2015,60,87,10.0,8.7,1,87.0
PJ Cummins,2017,277,361,46.166666666666664,7.82,15,24.07
PJ Cummins,2020,312,393,52.0,7.56,12,32.75
PJ Cummins,2021,161,226,26.833333333333332,8.42,9,25.11
PJ Cummins,2022,119,200,19.833333333333332,10.08,7,28.57
PJ Cummins,2024,366,556,61.0,9.11,18,30.89
PJ Cummins,2025,298,435,49.666666666666664,8.76,16,27.19
PJ Cummins,2026,192,291,32.0,9.09,8,36.38
PJ Sangwan,2008,144,199,24.0,8.29,5,39.8
PJ Sangwan,2009,280,339,46.666666666666664,7.26,15,22.6
PJ Sangwan,2010,186,244,31.0,7.87,9,27.11
PJ Sangwan,2012,24,37,4.0,9.25,1,37.0
PJ Sangwan,2013,24,47,4.0,11.75,0,
PJ Sangwan,2016,24,48,4.0,12.0,0,
PJ Sangwan,2017,108,179,18.0,9.94,5,35.8
PJ Sangwan,2018,12,19,2.0,9.5,0,
PJ Sangwan,2022,54,63,9.0,7.0,3,21.0
PM Sarvesh Kumar,2008,30,41,5.0,8.2,1,41.0
PP Chawla,2008,281,375,46.833333333333336,8.01,17,22.06
PP Chawla,2009,269,303,44.833333333333336,6.76,12,25.25
PP Chawla,2010,294,361,49.0,7.37,12,30.08
PP Chawla,2011,248,324,41.333333333333336,7.84,16,20.25
PP Chawla,2012,342,413,57.0,7.25,16,25.81
PP Chawla,2013,350,416,58.333333333333336,7.13,11,37.82
PP Chawla,2014,237,302,39.5,7.65,14,21.57
PP Chawla,2015,210,262,35.0,7.49,11,23.82
PP Chawla,2016,212,265,35.333333333333336,7.5,11,24.09
PP Chawla,2017,120,177,20.0,8.85,6,29.5
PP Chawla,2018,294,410,49.0,8.37,14,29.29
PP Chawla,2019,267,399,44.5,8.97,10,39.9
PP Chawla,2020,126,188,21.0,8.95,6,31.33
PP Chawla,2021,24,38,4.0,9.5,1,38.0
PP Chawla,2023,366,490,61.0,8.03,22,22.27
PP Chawla,2024,210,303,35.0,8.66,13,23.31
PP Hinge,2026,156,287,26.0,11.04,14,20.5
PP Ojha,2008,222,264,37.0,7.14,11,24.0
PP Ojha,2009,321,342,53.5,6.39,18,19.0
PP Ojha,2010,353,418,58.833333333333336,7.1,21,19.9
PP Ojha,2011,221,264,36.833333333333336,7.17,10,26.4
PP Ojha,2012,180,205,30.0,6.83,9,22.78
PP Ojha,2013,314,373,52.333333333333336,7.13,16,23.31
PP Ojha,2014,276,366,46.0,7.96,4,91.5
PP Ojha,2015,12,23,2.0,11.5,0,
PR Veer,2026,12,25,2.0,12.5,0,
PV Tambe,2013,66,84,11.0,7.64,1,84.0
PV Tambe,2014,294,342,49.0,6.98,15,22.8
PV Tambe,2015,204,266,34.0,7.82,7,38.0
PV Tambe,2016,96,142,16.0,8.88,5,28.4
PVD Chameera,2022,264,361,44.0,8.2,9,40.11
PVD Chameera,2024,18,47,3.0,15.67,0,
PVD Chameera,2025,102,188,17.0,11.06,4,47.0
PVD Chameera,2026,12,18,2.0,9.0,0,
PVSN Raju,2025,24,48,4.0,12.0,1,48.0
PWA Mulder,2025,6,16,1.0,16.0,0,
PWH de Silva,2021,36,60,6.0,10.0,0,
PWH de Silva,2022,342,425,57.0,7.46,26,16.35
PWH de Silva,2023,174,256,29.0,8.83,9,28.44
PWH de Silva,2025,246,366,41.0,8.93,11,33.27
Pankaj Singh,2008,72,123,12.0,10.25,0,
Pankaj Singh,2009,42,62,7.0,8.86,2,31.0
Pankaj Singh,2010,48,74,8.0,9.25,2,37.0
Pankaj Singh,2011,12,23,2.0,11.5,0,
Pankaj Singh,2012,126,169,21.0,8.05,7,24.14
Parvez Rasool,2013,30,28,5.0,5.6,1,28.0
Parvez Rasool,2014,54,80,9.0,8.89,1,80.0
Parvez Rasool,2015,30,31,5.0,6.2,1,31.0
Parvez Rasool,2016,84,129,14.0,9.21,1,129.0
Prince Yadav,2025,137,218,22.833333333333332,9.55,3,72.67
Prince Yadav,2026,313,444,52.166666666666664,8.51,17,26.12
R Ashwin,2009,24,13,4.0,3.25,2,6.5
R Ashwin,2010,288,284,48.0,5.92,13,21.85
R Ashwin,2011,378,376,63.0,5.97,20,18.8
R Ashwin,2012,395,419,65.83333333333333,6.36,14,29.93
R Ashwin,2013,348,384,58.0,6.62,15,25.6
R Ashwin,2014,359,414,59.833333333333336,6.92,16,25.88
R Ashwin,2015,234,219,39.0,5.62,10,21.9
R Ashwin,2016,264,299,44.0,6.8,10,29.9
R Ashwin,2018,304,399,50.666666666666664,7.88,10,39.9
R Ashwin,2019,330,388,55.0,7.05,15,25.87
R Ashwin,2020,306,385,51.0,7.55,13,29.62
R Ashwin,2021,268,320,44.666666666666664,7.16,7,45.71
R Ashwin,2022,402,481,67.0,7.18,12,40.08
R Ashwin,2023,294,352,49.0,7.18,14,25.14
R Ashwin,2024,330,439,55.0,7.98,9,48.78
R Ashwin,2025,186,280,31.0,9.03,7,40.0
R Bhatia,2008,132,180,22.0,8.18,6,30.0
R Bhatia,2009,130,142,21.666666666666668,6.55,10,14.2
R Bhatia,2010,96,130,16.0,8.12,3,43.33
R Bhatia,2011,192,204,32.0,6.38,8,25.5
R Bhatia,2012,319,384,53.166666666666664,7.22,13,29.54
R Bhatia,2013,263,327,43.833333333333336,7.46,11,29.73
R Bhatia,2014,228,279,38.0,7.34,12,23.25
R Bhatia,2015,30,46,5.0,9.2,0,
R Bhatia,2016,204,239,34.0,7.03,6,39.83
R Bhatia,2017,42,53,7.0,7.57,2,26.5
R Dhawan,2013,90,103,15.0,6.87,2,51.5
R Dhawan,2014,284,346,47.333333333333336,7.31,13,26.62
R Dhawan,2015,72,102,12.0,8.5,1,102.0
R Dhawan,2016,42,53,7.0,7.57,2,26.5
R Dhawan,2022,114,151,19.0,7.95,6,25.17
R Dhawan,2023,42,60,7.0,8.57,1,60.0
R Dhawan,2024,18,34,3.0,11.33,0,
R Goyal,2023,24,33,4.0,8.25,0,
R McLaren,2010,204,259,34.0,7.62,4,64.75
R McLaren,2011,108,168,18.0,9.33,5,33.6
R McLaren,2013,42,86,7.0,12.29,3,28.67
R Ninan,2011,36,65,6.0,10.83,3,21.67
R Parag,2019,84,121,14.0,8.64,2,60.5
R Parag,2020,12,25,2.0,12.5,0,
R Parag,2021,37,71,6.166666666666667,11.51,1,71.0
R Parag,2022,24,57,4.0,14.25,1,57.0
R Parag,2024,18,26,3.0,8.67,0,
R Parag,2025,120,161,20.0,8.05,3,53.67
R Parag,2026,24,37,4.0,9.25,2,18.5
R Powell,2022,6,16,1.0,16.0,0,
R Powell,2023,12,16,2.0,8.0,1,16.0
R Rampaul,2013,232,262,38.666666666666664,6.78,15,17.47
R Rampaul,2014,36,36,6.0,6.0,1,36.0
R Ravindra,2024,12,7,2.0,3.5,0,
R Sai Kishore,2022,96,119,16.0,7.44,6,19.83
R Sai Kishore,2024,90,134,15.0,8.93,7,19.14
R Sai Kishore,2025,255,386,42.5,9.08,19,20.32
R Sai Kishore,2026,24,46,4.0,11.5,1,46.0
R Sanjay Yadav,2022,12,21,2.0,10.5,0,
R Sathish,2010,48,78,8.0,9.75,2,39.0
R Sathish,2011,31,41,5.166666666666667,7.94,0,
R Sathish,2013,24,51,4.0,12.75,0,
R Sathish,2016,36,57,6.0,9.5,1,57.0
R Sharma,2010,124,165,20.666666666666668,7.98,5,33.0
R Sharma,2011,300,271,50.0,5.42,16,16.94
R Sharma,2012,222,298,37.0,8.05,9,33.11
R Sharma,2013,246,280,41.0,6.83,9,31.11
R Sharma,2014,36,65,6.0,10.83,1,65.0
R Shepherd,2022,54,93,9.0,10.33,3,31.0
R Shepherd,2024,72,154,12.0,12.83,1,154.0
R Shepherd,2025,84,145,14.0,10.36,6,24.17
R Shepherd,2026,150,290,25.0,11.6,7,41.43
R Shukla,2012,18,30,3.0,10.0,0,
R Shukla,2013,48,74,8.0,9.25,3,24.67
R Shukla,2014,54,93,9.0,10.33,2,46.5
R Tewatia,2014,54,58,9.0,6.44,2,29.0
R Tewatia,2015,18,31,3.0,10.33,1,31.0
R Tewatia,2017,54,48,9.0,5.33,3,16.0
R Tewatia,2018,132,171,22.0,7.77,6,28.5
R Tewatia,2019,38,41,6.333333333333333,6.47,2,20.5
R Tewatia,2020,276,315,46.0,6.85,10,31.5
R Tewatia,2021,222,333,37.0,9.0,8,41.62
R Tewatia,2022,36,76,6.0,12.67,0,
R Tewatia,2023,13,14,2.1666666666666665,6.46,0,
R Vinay Kumar,2008,138,175,23.0,7.61,5,35.0
R Vinay Kumar,2009,194,266,32.333333333333336,8.23,9,29.56
R Vinay Kumar,2010,277,381,46.166666666666664,8.25,16,23.81
R Vinay Kumar,2011,268,325,44.666666666666664,7.28,12,27.08
R Vinay Kumar,2012,335,464,55.833333333333336,8.31,19,24.42
R Vinay Kumar,2013,367,500,61.166666666666664,8.17,23,21.74
R Vinay Kumar,2014,192,279,32.0,8.72,7,39.86
R Vinay Kumar,2015,261,362,43.5,8.32,7,51.71
R Vinay Kumar,2016,54,61,9.0,6.78,3,20.33
R Vinay Kumar,2017,18,28,3.0,9.33,2,14.0
R Vinay Kumar,2018,23,57,3.8333333333333335,14.87,2,28.5
RA Bawa,2026,24,41,4.0,10.25,2,20.5
RA Jadeja,2008,13,21,2.1666666666666665,9.69,0,
RA Jadeja,2009,140,146,23.333333333333332,6.26,6,24.33
RA Jadeja,2011,252,294,42.0,7.0,8,36.75
RA Jadeja,2012,210,259,35.0,7.4,12,21.58
RA Jadeja,2013,259,319,43.166666666666664,7.39,13,24.54
RA Jadeja,2014,326,436,54.333333333333336,8.02,19,22.95
RA Jadeja,2015,256,328,42.666666666666664,7.69,11,29.82
RA Jadeja,2016,241,305,40.166666666666664,7.59,8,38.12
RA Jadeja,2017,228,348,38.0,9.16,5,69.6
RA Jadeja,2018,246,295,41.0,7.2,11,26.82
RA Jadeja,2019,324,341,54.0,6.31,15,22.73
RA Jadeja,2020,218,315,36.333333333333336,8.67,6,52.5
RA Jadeja,2021,294,334,49.0,6.82,13,25.69
RA Jadeja,2022,198,243,33.0,7.36,5,48.6
RA Jadeja,2023,342,420,57.0,7.37,20,21.0
RA Jadeja,2024,282,365,47.0,7.77,8,45.62
RA Jadeja,2025,227,316,37.833333333333336,8.35,10,31.6
RA Jadeja,2026,198,273,33.0,8.27,10,27.3
RA Shaikh,2009,6,11,1.0,11.0,0,
RA Tripathi,2017,6,12,1.0,12.0,0,
RD Chahar,2017,42,54,7.0,7.71,2,27.0
RD Chahar,2019,282,303,47.0,6.45,13,23.31
RD Chahar,2020,318,428,53.0,8.08,15,28.53
RD Chahar,2021,258,315,43.0,7.33,13,24.23
RD Chahar,2022,280,344,46.666666666666664,7.37,14,24.57
RD Chahar,2023,298,382,49.666666666666664,7.69,8,47.75
RD Chahar,2024,186,272,31.0,8.77,10,27.2
RD Chahar,2025,6,9,1.0,9.0,0,
RD Chahar,2026,24,45,4.0,11.25,0,
RE van der Merwe,2009,204,243,34.0,7.15,9,27.0
RE van der Merwe,2010,24,24,4.0,6.0,2,12.0
RE van der Merwe,2011,89,90,14.833333333333334,6.07,5,18.0
RE van der Merwe,2012,60,59,10.0,5.9,2,29.5
RE van der Merwe,2013,66,70,11.0,6.36,3,23.33
RG More,2015,35,57,5.833333333333333,9.77,1,57.0
RG Sharma,2008,24,24,4.0,6.0,1,24.0
RG Sharma,2009,138,159,23.0,6.91,11,14.45
RG Sharma,2010,114,147,19.0,7.74,2,73.5
RG Sharma,2011,24,48,4.0,12.0,0,
RG Sharma,2012,6,16,1.0,16.0,0,
RG Sharma,2013,8,5,1.3333333333333333,3.75,0,
RG Sharma,2014,18,26,3.0,8.67,1,26.0
RG Sharma,2021,7,13,1.1666666666666667,11.14,0,
RJ Gleeson,2024,47,67,7.833333333333333,8.55,1,67.0
RJ Gleeson,2025,21,38,3.5,10.86,1,38.0
RJ Harris,2009,186,222,31.0,7.16,6,37.0
RJ Harris,2010,184,216,30.666666666666668,7.04,14,15.43
RJ Harris,2011,282,359,47.0,7.64,16,22.44
RJ Harris,2012,108,129,18.0,7.17,8,16.12
RJ Harris,2013,72,70,12.0,5.83,1,70.0
RJ Peterson,2012,48,70,8.0,8.75,3,23.33
RJW Topley,2023,12,14,2.0,7.0,1,14.0
RJW Topley,2024,90,163,15.0,10.87,4,40.75
RJW Topley,2025,18,40,3.0,13.33,0,
RN ten Doeschate,2011,6,6,1.0,6.0,0,
RN ten Doeschate,2012,18,20,3.0,6.67,1,20.0
RN ten Doeschate,2013,18,24,3.0,8.0,0,
RN ten Doeschate,2014,30,35,5.0,7.0,1,35.0
RN ten Doeschate,2015,6,3,1.0,3.0,0,
RP Meredith,2021,102,155,17.0,9.12,4,38.75
RP Meredith,2022,168,215,28.0,7.68,8,26.88
RP Meredith,2023,118,192,19.666666666666668,9.76,7,27.43
RP Singh,2008,308,424,51.333333333333336,8.26,15,28.27
RP Singh,2009,358,386,59.666666666666664,6.47,23,16.78
RP Singh,2010,252,354,42.0,8.43,13,27.23
RP Singh,2011,300,331,50.0,6.62,13,25.46
RP Singh,2012,246,296,41.0,7.22,10,29.6
RP Singh,2013,239,321,39.833333333333336,8.06,13,24.69
RP Singh,2016,72,106,12.0,8.83,3,35.33
RR Bhatkal,2012,12,35,2.0,17.5,0,
RR Bose,2009,12,24,2.0,12.0,0,
RR Powar,2008,72,86,12.0,7.17,3,28.67
RR Powar,2009,126,125,21.0,5.95,5,25.0
RR Powar,2010,138,146,23.0,6.35,3,48.67
RR Powar,2011,72,112,12.0,9.33,2,56.0
RR Powar,2012,18,32,3.0,10.67,0,
RR Raje,2008,98,132,16.333333333333332,8.08,5,26.4
RR Raje,2009,41,67,6.833333333333333,9.8,1,67.0
RS Bopara,2009,8,5,1.3333333333333333,3.75,0,
RS Bopara,2010,78,118,13.0,9.08,5,23.6
RS Bopara,2015,120,153,20.0,7.65,6,25.5
RS Gavaskar,2010,6,8,1.0,8.0,0,
RS Ghosh,2026,18,24,3.0,8.0,1,24.0
RS Hangargekar,2023,36,53,6.0,8.83,3,17.67
RV Gomez,2011,90,123,15.0,8.2,5,24.6
RV Gomez,2013,6,5,1.0,5.0,0,
RV Patel,2021,18,20,3.0,6.67,0,
RW Price,2011,18,33,3.0,11.0,0,
Raghu Sharma,2026,90,130,15.0,8.67,1,130.0
Ramandeep Singh,2022,36,49,6.0,8.17,6,8.17
Ramandeep Singh,2024,4,9,0.6666666666666666,13.5,0,
Ramandeep Singh,2026,16,26,2.6666666666666665,9.75,1,26.0
Rashid Khan,2017,324,352,54.0,6.52,17,20.71
Rashid Khan,2018,408,455,68.0,6.69,21,21.67
Rashid Khan,2019,363,380,60.5,6.28,17,22.35
Rashid Khan,2020,388,338,64.66666666666667,5.23,20,16.9
Rashid Khan,2021,342,369,57.0,6.47,18,20.5
Rashid Khan,2022,383,414,63.833333333333336,6.49,19,21.79
Rashid Khan,2023,402,547,67.0,8.16,27,20.26
Rashid Khan,2024,262,367,43.666666666666664,8.4,10,36.7
Rashid Khan,2025,330,508,55.0,9.24,9,56.44
Rashid Khan,2026,341,501,56.833333333333336,8.82,21,23.86
Rasikh Salam,2019,24,37,4.0,9.25,0,
Rasikh Salam,2022,24,28,4.0,7.0,0,
Rasikh Salam,2024,147,260,24.5,10.61,9,28.89
Rasikh Salam,2025,36,68,6.0,11.33,1,68.0
Rasikh Salam,2026,257,386,42.833333333333336,9.01,19,20.32
Ravi Bishnoi,2020,306,362,51.0,7.1,12,30.17
Ravi Bishnoi,2021,216,225,36.0,6.25,12,18.75
Ravi Bishnoi,2022,324,439,54.0,8.13,13,33.77
Ravi Bishnoi,2023,303,377,50.5,7.47,16,23.56
Ravi Bishnoi,2024,262,375,43.666666666666664,8.59,10,37.5
Ravi Bishnoi,2025,222,390,37.0,10.54,9,43.33
Ravi Bishnoi,2026,156,248,26.0,9.54,11,22.55
S Aravind,2011,276,356,46.0,7.74,21,16.95
S Aravind,2012,18,48,3.0,16.0,0,
S Aravind,2015,108,130,18.0,7.22,8,16.25
S Aravind,2016,175,205,29.166666666666668,7.03,11,18.64
S Aravind,2017,183,268,30.5,8.79,5,53.6
S Badree,2013,24,33,4.0,8.25,0,
S Badree,2014,84,90,14.0,6.43,2,45.0
S Badree,2017,150,186,25.0,7.44,9,20.67
S Dhawan,2011,12,11,2.0,5.5,1,11.0
S Dhawan,2012,36,54,6.0,9.0,3,18.0
S Dube,2019,10,7,1.6666666666666665,4.2,0,
S Dube,2020,54,72,9.0,8.0,4,18.0
S Dube,2021,30,48,5.0,9.6,0,
S Dube,2022,12,34,2.0,17.0,0,
S Dube,2024,6,14,1.0,14.0,1,14.0
S Dube,2025,12,28,2.0,14.0,0,
S Dube,2026,30,62,5.0,12.4,1,62.0
S Gopal,2014,84,112,14.0,8.0,6,18.67
S Gopal,2015,13,23,2.1666666666666665,10.62,1,23.0
S Gopal,2016,18,18,3.0,6.0,0,
S Gopal,2018,186,234,31.0,7.55,11,21.27
S Gopal,2019,288,342,48.0,7.12,20,17.1
S Gopal,2020,300,422,50.0,8.44,10,42.2
S Gopal,2021,42,84,7.0,12.0,0,
S Gopal,2022,18,34,3.0,11.33,1,34.0
S Gopal,2024,42,67,7.0,9.57,3,22.33
S Joseph,2024,24,36,4.0,9.0,0,
S Kaul,2013,131,164,21.833333333333332,7.51,4,41.0
S Kaul,2014,78,122,13.0,9.38,2,61.0
S Kaul,2017,214,293,35.666666666666664,8.21,16,18.31
S Kaul,2018,396,541,66.0,8.2,21,25.76
S Kaul,2019,162,234,27.0,8.67,6,39.0
S Kaul,2020,24,61,4.0,15.25,2,30.5
S Kaul,2021,180,245,30.0,8.17,7,35.0
S Kaul,2022,24,43,4.0,10.75,0,
S Kaushik,2016,138,188,23.0,8.17,6,31.33
S Kaushik,2017,66,103,11.0,9.36,0,
S Ladda,2010,90,141,15.0,9.4,4,35.25
S Ladda,2011,24,40,4.0,10.0,0,
S Ladda,2013,12,18,2.0,9.0,1,18.0
S Ladda,2016,12,21,2.0,10.5,0,
S Lamichhane,2018,72,81,12.0,6.75,5,16.2
S Lamichhane,2019,138,210,23.0,9.13,8,26.25
S Midhun,2019,12,26,2.0,13.0,0,
S Nadeem,2011,114,141,19.0,7.42,4,35.25
S Nadeem,2012,270,313,45.0,6.96,8,39.12
S Nadeem,2013,264,255,44.0,5.8,9,28.33
S Nadeem,2014,228,299,38.0,7.87,8,37.38
S Nadeem,2015,42,41,7.0,5.86,0,
S Nadeem,2016,90,126,15.0,8.4,2,63.0
S Nadeem,2017,107,116,17.833333333333332,6.5,6,19.33
S Nadeem,2018,90,159,15.0,10.6,3,53.0
S Nadeem,2019,54,90,9.0,10.0,2,45.0
S Nadeem,2020,132,166,22.0,7.55,5,33.2
S Nadeem,2021,24,36,4.0,9.0,1,36.0
S Narwal,2010,94,180,15.666666666666666,11.49,5,36.0
S Narwal,2013,12,15,2.0,7.5,0,
S Rana,2011,4,2,0.6666666666666666,3.0,0,
S Rana,2014,12,16,2.0,8.0,0,
S Randiv,2011,174,217,29.0,7.48,6,36.17
S Sandeep Warrier,2019,72,84,12.0,7.0,2,42.0
S Sandeep Warrier,2020,18,31,3.0,10.33,0,
S Sandeep Warrier,2021,12,15,2.0,7.5,0,
S Sandeep Warrier,2024,66,109,11.0,9.91,6,18.17
S Sreesanth,2008,307,402,51.166666666666664,7.86,19,21.16
S Sreesanth,2009,138,182,23.0,7.91,6,30.33
S Sreesanth,2010,114,171,19.0,9.0,3,57.0
S Sreesanth,2011,191,188,31.833333333333332,5.91,7,26.86
S Sreesanth,2013,130,150,21.666666666666668,6.92,5,30.0
S Sriram,2010,12,24,2.0,12.0,0,
S Sriram,2011,6,25,1.0,25.0,0,
S Tyagi,2009,114,131,19.0,6.89,5,26.2
S Tyagi,2010,95,152,15.833333333333334,9.6,1,152.0
S Vidyut,2008,12,21,2.0,10.5,1,21.0
SA Abbott,2015,30,55,5.0,11.0,0,
SA Abbott,2022,24,44,4.0,11.0,1,44.0
SA Yadav,2014,6,8,1.0,8.0,0,
SB Bangar,2008,150,212,25.0,8.48,4,53.0
SB Jakati,2009,174,216,29.0,7.45,13,16.62
SB Jakati,2010,228,283,38.0,7.45,13,21.77
SB Jakati,2011,265,331,44.166666666666664,7.49,10,33.1
SB Jakati,2012,246,330,41.0,8.05,9,36.67
SB Jakati,2014,22,41,3.6666666666666665,11.18,0,
SB Jakati,2016,120,174,20.0,8.7,2,87.0
SB Jakati,2017,30,46,5.0,9.2,0,
SB Joshi,2008,55,82,9.166666666666666,8.95,1,82.0
SB Styris,2008,162,194,27.0,7.19,3,64.67
SB Styris,2009,48,63,8.0,7.88,5,12.6
SB Styris,2011,6,13,1.0,13.0,0,
SB Wagh,2010,6,16,1.0,16.0,1,16.0
SB Wagh,2011,96,115,16.0,7.19,4,28.75
SC Ganguly,2008,120,127,20.0,6.35,6,21.17
SC Ganguly,2009,72,96,12.0,8.0,2,48.0
SC Ganguly,2010,24,42,4.0,10.5,0,
SC Ganguly,2012,60,93,10.0,9.3,2,46.5
SC Kuggeleijn,2019,48,69,8.0,8.62,2,34.5
SD Chitnis,2008,36,54,6.0,9.0,2,27.0
SE Bond,2010,186,218,31.0,7.03,9,24.22
SE Rutherford,2019,41,54,6.833333333333333,7.9,1,54.0
SH Johnson,2024,96,148,16.0,9.25,4,37.0
SH Johnson,2025,68,128,11.333333333333334,11.29,1,128.0
SH Johnson,2026,66,102,11.0,9.27,2,51.0
SJ Srivastava,2010,162,239,27.0,8.85,6,39.83
SJ Srivastava,2011,120,170,20.0,8.5,8,21.25
SK Raina,2008,20,30,3.3333333333333335,9.0,1,30.0
SK Raina,2009,166,163,27.666666666666668,5.89,7,23.29
SK Raina,2010,143,174,23.833333333333332,7.3,6,29.0
SK Raina,2011,165,193,27.5,7.02,4,48.25
SK Raina,2012,84,104,14.0,7.43,2,52.0
SK Raina,2013,12,23,2.0,11.5,1,23.0
SK Raina,2014,108,133,18.0,7.39,1,133.0
SK Raina,2015,72,87,12.0,7.25,2,43.5
SK Raina,2016,60,81,10.0,8.1,0,
SK Raina,2017,72,102,12.0,8.5,1,102.0
SK Raina,2019,6,6,1.0,6.0,0,
SK Trivedi,2008,288,386,48.0,8.04,13,29.69
SK Trivedi,2009,120,148,20.0,7.4,6,24.67
SK Trivedi,2010,213,253,35.5,7.13,11,23.0
SK Trivedi,2011,214,284,35.666666666666664,7.96,10,28.4
SK Trivedi,2012,312,352,52.0,6.77,13,27.08
SK Trivedi,2013,359,400,59.833333333333336,6.69,12,33.33
SK Warne,2008,312,395,52.0,7.6,19,20.79
SK Warne,2009,300,348,50.0,6.96,14,24.86
SK Warne,2010,300,375,50.0,7.5,11,34.09
SK Warne,2011,282,290,47.0,6.17,13,22.31
SL Malinga,2009,297,281,49.5,5.68,18,15.61
SL Malinga,2010,294,320,49.0,6.53,15,21.33
SL Malinga,2011,378,348,63.0,5.52,28,12.43
SL Malinga,2012,333,331,55.5,5.96,22,15.05
SL Malinga,2013,392,453,65.33333333333333,6.93,20,22.65
SL Malinga,2014,236,244,39.333333333333336,6.2,16,15.25
SL Malinga,2015,360,422,60.0,7.03,24,17.58
SL Malinga,2017,269,350,44.833333333333336,7.81,11,31.82
SL Malinga,2019,269,427,44.833333333333336,9.52,16,26.69
SM Boland,2016,42,53,7.0,7.57,2,26.5
SM Curran,2019,198,314,33.0,9.52,10,31.4
SM Curran,2020,252,326,42.0,7.76,13,25.08
SM Curran,2021,198,317,33.0,9.61,9,35.22
SM Curran,2023,287,477,47.833333333333336,9.97,10,47.7
SM Curran,2024,246,404,41.0,9.85,16,25.25
SM Curran,2025,72,131,12.0,10.92,1,131.0
SM Harwood,2009,60,61,10.0,6.1,3,20.33
SM Pollock,2008,276,297,46.0,6.46,11,27.0
SMSM Senanayake,2013,192,206,32.0,6.44,9,22.89
SN Khan,2019,2,6,0.3333333333333333,18.0,0,
SN Thakur,2015,18,36,3.0,12.0,1,36.0
SN Thakur,2017,229,301,38.166666666666664,7.89,11,27.36
SN Thakur,2018,280,416,46.666666666666664,8.91,16,26.0
SN Thakur,2019,180,271,30.0,9.03,8,33.88
SN Thakur,2020,194,264,32.333333333333336,8.16,10,26.4
SN Thakur,2021,359,494,59.833333333333336,8.26,21,23.52
SN Thakur,2022,290,439,48.333333333333336,9.08,15,29.27
SN Thakur,2023,126,210,21.0,10.0,7,30.0
SN Thakur,2024,190,298,31.666666666666668,9.41,5,59.6
SN Thakur,2025,204,347,34.0,10.21,14,24.79
SN Thakur,2026,132,248,22.0,11.27,12,20.67
SP Narine,2012,355,318,59.166666666666664,5.37,24,13.25
SP Narine,2013,384,347,64.0,5.42,22,15.77
SP Narine,2014,390,416,65.0,6.4,21,19.81
SP Narine,2015,192,230,32.0,7.19,7,32.86
SP Narine,2016,256,294,42.666666666666664,6.89,11,26.73
SP Narine,2017,354,394,59.0,6.68,10,39.4
SP Narine,2018,366,462,61.0,7.57,17,27.18
SP Narine,2019,266,336,44.333333333333336,7.58,10,33.6
SP Narine,2020,228,300,38.0,7.89,5,60.0
SP Narine,2021,336,351,56.0,6.27,16,21.94
SP Narine,2022,336,305,56.0,5.45,9,33.89
SP Narine,2023,288,374,48.0,7.79,11,34.0
SP Narine,2024,330,363,55.0,6.6,17,21.35
SP Narine,2025,270,345,45.0,7.67,12,28.75
SP Narine,2026,309,340,51.5,6.6,17,20.0
SPD Smith,2012,2,5,0.3333333333333333,15.0,0,
SR Dubey,2026,77,92,12.833333333333334,7.17,5,18.4
SR Tendulkar,2009,36,57,6.0,9.5,0,
SR Watson,2008,325,361,54.166666666666664,6.66,17,21.24
SR Watson,2010,132,177,22.0,8.05,6,29.5
SR Watson,2011,216,229,36.0,6.36,6,38.17
SR Watson,2012,138,155,23.0,6.74,6,25.83
SR Watson,2013,250,292,41.666666666666664,7.01,13,22.46
SR Watson,2014,126,157,21.0,7.48,7,22.43
SR Watson,2015,174,245,29.0,8.45,6,40.83
SR Watson,2016,339,462,56.5,8.18,20,23.1
SR Watson,2017,161,241,26.833333333333332,8.98,5,48.2
SR Watson,2018,168,243,28.0,8.68,6,40.5
SS Agarwal,2017,24,42,4.0,10.5,1,42.0
SS Cottrell,2020,120,161,20.0,8.05,6,26.83
SS Iyer,2022,6,7,1.0,7.0,0,
SS Mishra,2026,38,58,6.333333333333333,9.16,2,29.0
SS Mundhe,2011,6,5,1.0,5.0,1,5.0
SS Sarkar,2009,25,34,4.166666666666667,8.16,1,34.0
SSB Magala,2023,36,50,6.0,8.33,1,50.0
ST Jayasuriya,2008,126,158,21.0,7.52,4,39.5
ST Jayasuriya,2009,114,154,19.0,8.11,7,22.0
ST Jayasuriya,2010,54,63,9.0,7.0,2,31.5
STR Binny,2010,6,9,1.0,9.0,0,
STR Binny,2011,24,43,4.0,10.75,0,
STR Binny,2012,60,78,10.0,7.8,3,26.0
STR Binny,2013,144,157,24.0,6.54,6,26.17
STR Binny,2014,54,64,9.0,7.11,3,21.33
STR Binny,2015,114,135,19.0,7.11,4,33.75
STR Binny,2016,102,132,17.0,7.76,1,132.0
STR Binny,2017,36,49,6.0,8.17,4,12.25
STR Binny,2018,12,31,2.0,15.5,0,
STR Binny,2019,42,43,7.0,6.14,1,43.0
SW Tait,2010,187,236,31.166666666666668,7.57,10,23.6
SW Tait,2011,89,107,14.833333333333334,7.21,6,17.83
SW Tait,2012,137,125,22.833333333333332,5.47,6,20.83
SW Tait,2013,60,84,10.0,8.4,1,84.0
SZ Mulani,2024,30,54,5.0,10.8,0,
Sachin Baby,2016,10,8,1.6666666666666665,4.8,2,4.0
Sakib Hussain,2026,252,367,42.0,8.74,15,24.47
Sandeep Sharma,2013,96,116,16.0,7.25,8,14.5
Sandeep Sharma,2014,241,329,40.166666666666664,8.19,18,18.28
Sandeep Sharma,2015,300,338,50.0,6.76,13,26.0
Sandeep Sharma,2016,300,357,50.0,7.14,15,23.8
Sandeep Sharma,2017,288,386,48.0,8.04,17,22.71
Sandeep Sharma,2018,264,324,44.0,7.36,12,27.0
Sandeep Sharma,2019,256,343,42.666666666666664,8.04,12,28.58
Sandeep Sharma,2020,312,369,52.0,7.1,14,26.36
Sandeep Sharma,2021,141,193,23.5,8.21,3,64.33
Sandeep Sharma,2022,120,146,20.0,7.3,2,73.0
Sandeep Sharma,2023,276,382,46.0,8.3,10,38.2
Sandeep Sharma,2024,228,303,38.0,7.97,13,23.31
Sandeep Sharma,2025,223,353,37.166666666666664,9.5,9,39.22
Sandeep Sharma,2026,118,215,19.666666666666668,10.93,5,43.0
Shahbaz Ahmed,2020,36,43,6.0,7.17,2,21.5
Shahbaz Ahmed,2021,84,92,14.0,6.57,7,13.14
Shahbaz Ahmed,2022,210,326,35.0,9.31,4,81.5
Shahbaz Ahmed,2023,42,95,7.0,13.57,1,95.0
Shahbaz Ahmed,2024,165,263,27.5,9.56,7,37.57
Shahbaz Ahmed,2025,51,97,8.5,11.41,1,97.0
Shahbaz Ahmed,2026,67,127,11.166666666666666,11.37,5,25.4
Shahid Afridi,2008,180,220,30.0,7.33,9,24.44
Shakib Al Hasan,2011,153,168,25.5,6.59,11,15.27
Shakib Al Hasan,2012,180,190,30.0,6.33,12,15.83
Shakib Al Hasan,2014,300,326,50.0,6.52,11,29.64
Shakib Al Hasan,2015,84,118,14.0,8.43,4,29.5
Shakib Al Hasan,2016,186,239,31.0,7.71,5,47.8
Shakib Al Hasan,2017,18,31,3.0,10.33,0,
Shakib Al Hasan,2018,342,451,57.0,7.91,14,32.21
Shakib Al Hasan,2019,65,94,10.833333333333334,8.68,2,47.0
Shakib Al Hasan,2021,156,185,26.0,7.12,4,46.25
Shashank Singh,2022,12,19,2.0,9.5,0,
Shashank Singh,2024,6,5,1.0,5.0,1,5.0
Shashank Singh,2025,12,27,2.0,13.5,0,
Shashank Singh,2026,60,86,10.0,8.6,4,21.5
Shivam Mavi,2018,168,257,28.0,9.18,5,51.4
Shivam Mavi,2020,156,206,26.0,7.92,9,22.89
Shivam Mavi,2021,193,217,32.166666666666664,6.75,11,19.73
Shivam Mavi,2022,132,210,22.0,9.55,5,42.0
Shivam Sharma,2014,96,121,16.0,7.56,3,40.33
Shivam Sharma,2015,18,44,3.0,14.67,1,44.0
Shivang Kumar,2026,234,369,39.0,9.46,9,41.0
Shoaib Ahmed,2009,102,151,17.0,8.88,5,30.2
Shoaib Akhtar,2008,42,50,7.0,7.14,5,10.0
Shoaib Malik,2008,51,76,8.5,8.94,2,38.0
Sikandar Raza,2023,73,111,12.166666666666666,9.12,3,37.0
Sikandar Raza,2024,12,22,2.0,11.0,0,
Simarjeet Singh,2022,108,128,18.0,7.11,4,32.0
Simarjeet Singh,2024,72,113,12.0,9.42,5,22.6
Simarjeet Singh,2025,60,137,10.0,13.7,2,68.5
Sohail Tanvir,2008,247,246,41.166666666666664,5.98,22,11.18
Sumit Kumar,2024,20,36,3.3333333333333335,10.8,0,
Sunny Gupta,2012,18,45,3.0,15.0,0,
Suryansh Shedge,2025,18,37,3.0,12.33,0,
Suyash Sharma,2023,234,315,39.0,8.08,10,31.5
Suyash Sharma,2024,24,50,4.0,12.5,0,
Suyash Sharma,2025,300,433,50.0,8.66,8,54.12
Suyash Sharma,2026,245,368,40.833333333333336,9.01,9,40.89
Swapnil Singh,2016,18,29,3.0,9.67,0,
Swapnil Singh,2017,42,60,7.0,8.57,1,60.0
Swapnil Singh,2023,12,18,2.0,9.0,0,
Swapnil Singh,2024,90,130,15.0,8.67,6,21.67
T Henderson,2009,36,40,6.0,6.67,1,40.0
T Natarajan,2017,76,109,12.666666666666666,8.61,2,54.5
T Natarajan,2020,377,491,62.833333333333336,7.81,16,30.69
T Natarajan,2021,48,67,8.0,8.38,2,33.5
T Natarajan,2022,258,387,43.0,9.0,18,21.5
T Natarajan,2023,270,404,45.0,8.98,10,40.4
T Natarajan,2024,308,441,51.333333333333336,8.59,19,23.21
T Natarajan,2025,25,53,4.166666666666667,12.72,1,53.0
T Natarajan,2026,191,342,31.833333333333332,10.74,6,57.0
T Shamsi,2016,96,147,16.0,9.19,3,49.0
T Shamsi,2021,24,34,4.0,8.5,0,
T Stubbs,2023,12,14,2.0,7.0,1,14.0
T Stubbs,2024,12,14,2.0,7.0,3,4.67
T Stubbs,2025,12,40,2.0,20.0,0,
T Thushara,2009,48,58,8.0,7.25,3,19.33
T Thushara,2010,87,89,14.5,6.14,5,17.8
T Vijay,2026,12,29,2.0,14.5,0,
TA Boult,2015,168,222,28.0,7.93,9,24.67
TA Boult,2016,24,37,4.0,9.25,1,37.0
TA Boult,2017,143,211,23.833333333333332,8.85,5,42.2
TA Boult,2018,316,453,52.666666666666664,8.6,18,25.17
TA Boult,2019,114,156,19.0,8.21,5,31.2
TA Boult,2020,348,466,58.0,8.03,25,18.64
TA Boult,2021,308,389,51.333333333333336,7.58,13,29.92
TA Boult,2022,372,473,62.0,7.63,16,29.56
TA Boult,2023,228,300,38.0,7.89,13,23.08
TA Boult,2024,320,425,53.333333333333336,7.97,16,26.56
TA Boult,2025,346,502,57.666666666666664,8.71,22,22.82
TA Boult,2026,97,178,16.166666666666668,11.01,2,89.0
TG Southee,2011,114,161,19.0,8.47,4,40.25
TG Southee,2014,60,73,10.0,7.3,0,
TG Southee,2015,168,239,28.0,8.54,6,39.83
TG Southee,2016,258,319,43.0,7.42,9,35.44
TG Southee,2017,60,89,10.0,8.9,3,29.67
TG Southee,2018,174,251,29.0,8.66,5,50.2
TG Southee,2019,54,110,9.0,12.22,1,110.0
TG Southee,2021,72,93,12.0,7.75,3,31.0
TG Southee,2022,210,265,35.0,7.57,14,18.93
TG Southee,2023,36,79,6.0,13.17,2,39.5
TH David,2026,6,18,1.0,18.0,0,
TK Curran,2018,61,113,10.166666666666666,11.11,6,18.83
TK Curran,2020,109,200,18.166666666666668,11.01,3,66.67
TK Curran,2021,68,100,11.333333333333334,8.82,4,25.0
TL Suman,2009,90,107,15.0,7.13,5,21.4
TL Suman,2010,12,22,2.0,11.0,0,
TL Suman,2011,36,50,6.0,8.33,0,
TL Suman,2013,12,15,2.0,7.5,1,15.0
TM Dilshan,2008,6,3,1.0,3.0,1,3.0
TM Dilshan,2009,96,98,16.0,6.12,0,
TM Dilshan,2010,49,70,8.166666666666666,8.57,3,23.33
TM Dilshan,2011,72,105,12.0,8.75,1,105.0
TM Dilshan,2012,42,75,7.0,10.71,0,
TM Dilshan,2013,6,10,1.0,10.0,0,
TM Head,2017,48,81,8.0,10.12,2,40.5
TM Head,2024,10,32,1.6666666666666665,19.2,0,
TM Head,2026,6,7,1.0,7.0,1,7.0
TP Sudhindra,2012,70,128,11.666666666666666,10.97,1,128.0
TS Mills,2017,107,144,17.833333333333332,8.07,5,28.8
TS Mills,2022,102,184,17.0,10.82,6,30.67
TU Deshpande,2020,102,183,17.0,10.76,3,61.0
TU Deshpande,2022,42,62,7.0,8.86,1,62.0
TU Deshpande,2023,342,536,57.0,9.4,21,25.52
TU Deshpande,2024,288,397,48.0,8.27,17,23.35
TU Deshpande,2025,192,320,32.0,10.0,9,35.56
TU Deshpande,2026,138,262,23.0,11.39,4,65.5
Tejas Baroka,2017,21,33,3.5,9.43,0,
Tilak Varma,2022,12,13,2.0,6.5,0,
Tilak Varma,2023,6,6,1.0,6.0,0,
Tilak Varma,2024,4,8,0.6666666666666666,12.0,0,
UT Yadav,2010,144,172,24.0,7.17,6,28.67
UT Yadav,2011,108,154,18.0,8.56,2,77.0
UT Yadav,2012,366,428,61.0,7.02,19,22.53
UT Yadav,2013,353,499,58.833333333333336,8.48,16,31.19
UT Yadav,2014,270,348,45.0,7.73,11,31.64
UT Yadav,2015,252,365,42.0,8.69,10,36.5
UT Yadav,2016,156,226,26.0,8.69,10,22.6
UT Yadav,2017,291,394,48.5,8.12,17,23.18
UT Yadav,2018,319,405,53.166666666666664,7.62,20,20.25
UT Yadav,2019,227,358,37.833333333333336,9.46,8,44.75
UT Yadav,2020,43,79,7.166666666666667,11.02,0,
UT Yadav,2022,288,329,48.0,6.85,16,20.56
UT Yadav,2023,114,187,19.0,9.84,1,187.0
UT Yadav,2024,126,207,21.0,9.86,8,25.88
Umar Gul,2008,135,159,22.5,7.07,12,13.25
Umran Malik,2021,72,93,12.0,7.75,2,46.5
Umran Malik,2022,296,410,49.333333333333336,8.31,22,18.64
Umran Malik,2023,120,207,20.0,10.35,5,41.4
Umran Malik,2024,6,14,1.0,14.0,0,
V Kaverappa,2024,24,36,4.0,9.0,2,18.0
V Kohli,2008,46,56,7.666666666666667,7.3,2,28.0
V Kohli,2009,36,43,6.0,7.17,0,
V Kohli,2010,32,45,5.333333333333333,8.44,0,
V Kohli,2011,102,134,17.0,7.88,2,67.0
V Kohli,2012,18,49,3.0,16.33,0,
V Kohli,2015,11,10,1.8333333333333335,5.45,0,
V Kohli,2016,6,10,1.0,10.0,0,
V Nigam,2025,234,340,39.0,8.72,11,30.91
V Nigam,2026,54,106,9.0,11.78,2,53.0
V Pratap Singh,2012,204,289,34.0,8.5,10,28.9
V Puthur,2025,72,108,12.0,9.0,6,18.0
V Sehwag,2008,66,132,11.0,12.0,3,44.0
V Sehwag,2009,6,20,1.0,20.0,0,
V Sehwag,2010,34,23,5.666666666666667,4.06,3,7.67
V Sehwag,2012,24,45,4.0,11.25,0,
V Sehwag,2013,6,9,1.0,9.0,0,
V Shankar,2014,6,19,1.0,19.0,0,
V Shankar,2018,30,53,5.0,10.6,1,53.0
V Shankar,2019,48,66,8.0,8.25,1,66.0
V Shankar,2020,79,71,13.166666666666666,5.39,4,17.75
V Shankar,2021,66,92,11.0,8.36,3,30.67
V Shankar,2022,9,14,1.5,9.33,0,
V Viyaskanth,2024,60,86,10.0,8.6,1,86.0
VG Arora,2022,107,161,17.833333333333332,9.03,3,53.67
VG Arora,2023,96,126,16.0,7.88,5,25.2
VG Arora,2024,181,251,30.166666666666668,8.32,11,22.82
VG Arora,2025,255,413,42.5,9.72,17,24.29
VG Arora,2026,228,377,38.0,9.92,11,34.27
VR Aaron,2011,72,77,12.0,6.42,2,38.5
VR Aaron,2012,186,264,31.0,8.52,8,33.0
VR Aaron,2014,220,277,36.666666666666664,7.55,16,17.31
VR Aaron,2015,104,164,17.333333333333332,9.46,3,54.67
VR Aaron,2016,142,212,23.666666666666668,8.96,2,106.0
VR Aaron,2017,120,153,20.0,7.65,7,21.86
VR Aaron,2019,72,114,12.0,9.5,4,28.5
VR Aaron,2020,48,83,8.0,10.38,0,
VR Aaron,2022,30,49,5.0,9.8,2,24.5
VR Iyer,2021,51,66,8.5,7.76,3,22.0
VR Iyer,2022,24,46,4.0,11.5,0,
VR Iyer,2024,6,28,1.0,28.0,0,
VRV Singh,2008,288,403,48.0,8.4,11,36.64
VRV Singh,2009,54,82,9.0,9.11,1,82.0
VRV Singh,2010,18,36,3.0,12.0,0,
VS Malik,2009,72,96,12.0,8.0,2,48.0
VS Malik,2010,43,58,7.166666666666667,8.09,1,58.0
VS Malik,2011,12,13,2.0,6.5,0,
VS Malik,2013,60,58,10.0,5.8,2,29.0
VS Malik,2014,18,28,3.0,9.33,1,28.0
VS Yeligati,2008,30,53,5.0,10.6,0,
VY Mahesh,2008,253,341,42.166666666666664,8.09,16,21.31
VY Mahesh,2009,12,24,2.0,12.0,1,24.0
VY Mahesh,2010,18,22,3.0,7.33,1,22.0
VY Mahesh,2012,56,76,9.333333333333334,8.14,3,25.33
Vijaykumar Vyshak,2023,144,238,24.0,9.92,9,26.44
Vijaykumar Vyshak,2024,87,139,14.5,9.59,4,34.75
Vijaykumar Vyshak,2025,102,165,17.0,9.71,4,41.25
Vijaykumar Vyshak,2026,186,322,31.0,10.39,9,35.78
Vivrant Sharma,2023,18,28,3.0,9.33,0,
W O'Rourke,2025,62,129,10.333333333333334,12.48,6,21.5
WA Mota,2008,18,34,3.0,11.33,1,34.0
WA Mota,2009,54,59,9.0,6.56,3,19.67
WD Parnell,2011,176,192,29.333333333333332,6.55,9,21.33
WD Parnell,2012,126,123,21.0,5.86,5,24.6
WD Parnell,2013,89,121,14.833333333333334,8.16,7,17.29
WD Parnell,2014,181,213,30.166666666666668,7.06,6,35.5
WD Parnell,2023,151,230,25.166666666666668,9.14,9,25.56
WG Jacks,2024,54,98,9.0,10.89,2,49.0
WG Jacks,2025,84,111,14.0,7.93,6,18.5
WG Jacks,2026,53,89,8.833333333333334,10.08,2,44.5
WPUJC Vaas,2008,102,144,17.0,8.47,5,28.8
WPUJC Vaas,2009,48,61,8.0,7.62,4,15.25
WPUJC Vaas,2010,132,138,22.0,6.27,9,15.33
Washington Sundar,2017,180,183,30.0,6.1,8,22.88
Washington Sundar,2018,120,186,20.0,9.3,4,46.5
Washington Sundar,2019,54,74,9.0,8.22,4,18.5
Washington Sundar,2020,300,296,50.0,5.92,8,37.0
Washington Sundar,2021,96,115,16.0,7.19,3,38.33
Washington Sundar,2022,168,235,28.0,8.39,6,39.17
Washington Sundar,2023,106,146,17.666666666666668,8.26,3,48.67
Washington Sundar,2024,30,73,5.0,14.6,1,73.0
Washington Sundar,2025,65,109,10.833333333333334,10.06,2,54.5
Washington Sundar,2026,55,84,9.166666666666666,9.16,1,84.0
XC Bartlett,2025,60,96,10.0,9.6,2,48.0
XC Bartlett,2026,201,376,33.5,11.22,5,75.2
Y Gnaneswara Rao,2011,6,7,1.0,7.0,0,
Y Nagar,2009,12,19,2.0,9.5,2,9.5
Y Nagar,2010,18,28,3.0,9.33,1,28.0
Y Nagar,2011,30,60,5.0,12.0,1,60.0
Y Nagar,2012,6,8,1.0,8.0,0,
Y Prithvi Raj,2019,30,54,5.0,10.8,1,54.0
Y Venugopal Rao,2008,84,131,14.0,9.36,2,65.5
Y Venugopal Rao,2009,90,120,15.0,8.0,4,30.0
Y Venugopal Rao,2010,6,10,1.0,10.0,0,
Y Venugopal Rao,2011,12,26,2.0,13.0,0,
Y Venugopal Rao,2012,12,26,2.0,13.0,0,
Y Venugopal Rao,2014,12,16,2.0,8.0,0,
YA Abdulla,2009,168,225,28.0,8.04,14,16.07
YA Abdulla,2010,41,65,6.833333333333333,9.51,1,65.0
YBK Jaiswal,2022,1,6,0.16666666666666666,36.0,0,
YK Pathan,2008,169,229,28.166666666666668,8.13,8,28.62
YK Pathan,2009,210,232,35.0,6.63,7,33.14
YK Pathan,2010,204,236,34.0,6.94,5,47.2
YK Pathan,2011,234,229,39.0,5.87,13,17.62
YK Pathan,2012,132,173,22.0,7.86,3,57.67
YK Pathan,2013,54,72,9.0,8.0,1,72.0
YK Pathan,2014,6,10,1.0,10.0,0,
YK Pathan,2015,60,97,10.0,9.7,2,48.5
YK Pathan,2016,36,31,6.0,5.17,1,31.0
YK Pathan,2017,24,41,4.0,10.25,1,41.0
YK Pathan,2018,12,14,2.0,7.0,1,14.0
YK Pathan,2019,6,8,1.0,8.0,0,
YS Chahal,2013,24,34,4.0,8.5,0,
YS Chahal,2014,330,380,55.0,6.91,12,31.67
YS Chahal,2015,281,413,46.833333333333336,8.82,23,17.96
YS Chahal,2016,295,380,49.166666666666664,7.73,21,18.1
YS Chahal,2017,261,320,43.5,7.36,14,22.86
YS Chahal,2018,300,346,50.0,6.92,12,28.83
YS Chahal,2019,296,374,49.333333333333336,7.58,18,20.78
YS Chahal,2020,343,389,57.166666666666664,6.8,21,18.52
YS Chahal,2021,318,369,53.0,6.96,18,20.5
YS Chahal,2022,408,506,68.0,7.44,27,18.74
YS Chahal,2023,317,423,52.833333333333336,8.01,21,20.14
YS Chahal,2024,348,531,58.0,9.16,18,29.5
YS Chahal,2025,270,419,45.0,9.31,16,26.19
YS Chahal,2026,246,364,41.0,8.88,12,30.33
Yash Dayal,2022,192,281,32.0,8.78,11,25.55
Yash Dayal,2023,84,161,14.0,11.5,2,80.5
Yash Dayal,2024,302,433,50.333333333333336,8.6,15,28.87
Yash Dayal,2025,294,445,49.0,9.08,13,34.23
Yash Raj Punja,2026,180,273,30.0,9.1,9,30.33
Yash Thakur,2023,191,271,31.833333333333332,8.51,13,20.85
Yash Thakur,2024,213,390,35.5,10.99,11,35.45
Yash Thakur,2025,39,75,6.5,11.54,1,75.0
Yash Thakur,2026,24,45,4.0,11.25,2,22.5
Yudhvir Singh,2023,48,64,8.0,8.0,3,21.33
Yudhvir Singh,2024,24,52,4.0,13.0,1,52.0
Yudhvir Singh,2025,67,126,11.166666666666666,11.28,4,31.5
Yuvraj Singh,2008,54,81,9.0,9.0,3,27.0
Yuvraj Singh,2009,120,141,20.0,7.05,6,23.5
Yuvraj Singh,2010,138,151,23.0,6.57,5,30.2
Yuvraj Singh,2011,174,191,29.0,6.59,9,21.22
Yuvraj Singh,2013,132,151,22.0,6.86,6,25.17
Yuvraj Singh,2014,136,183,22.666666666666668,8.07,5,36.6
Yuvraj Singh,2015,54,71,9.0,7.89,1,71.0
Yuvraj Singh,2016,37,51,6.166666666666667,8.27,0,
Yuvraj Singh,2017,12,22,2.0,11.0,1,22.0
Yuvraj Singh,2018,12,22,2.0,11.0,0,
Z Khan,2008,252,347,42.0,8.26,13,26.69
Z Khan,2009,126,135,21.0,6.43,6,22.5
Z Khan,2010,290,371,48.333333333333336,7.68,15,24.73
Z Khan,2011,354,432,59.0,7.32,14,30.86
Z Khan,2012,360,442,60.0,7.37,17,26.0
Z Khan,2013,36,45,6.0,7.5,5,9.0
Z Khan,2014,134,142,22.333333333333332,6.36,5,28.4
Z Khan,2015,145,145,24.166666666666668,6.0,7,20.71
Z Khan,2016,262,324,43.666666666666664,7.42,10,32.4
Z Khan,2017,241,308,40.166666666666664,7.67,10,30.8
Zeeshan Ansari,2025,203,327,33.833333333333336,9.67,6,54.5
