Bowler,Kind,count
A Ashish Reddy,bowled,6
A Ashish Reddy,caught,8
A Ashish Reddy,caught and bowled,1
A Ashish Reddy,lbw,3
A Badoni,bowled,2
A Badoni,caught,1
A Badoni,caught and bowled,1
A Chandila,caught,4
A Chandila,caught and bowled,5
A Chandila,stumped,2
A Choudhary,caught,5
A Flintoff,caught,1
A Flintoff,caught and bowled,1
A Kamboj,bowled,9
A Kamboj,caught,21
A Kamboj,lbw,1
A Kumble,bowled,8
A Kumble,caught,24
A Kumble,caught and bowled,1
A Kumble,lbw,4
A Kumble,stumped,8
A Mishra,bowled,26
A Mishra,caught,102
A Mishra,caught and bowled,4
A Mishra,lbw,14
A Mishra,stumped,28
A Mithun,bowled,2
A Mithun,caught,5
A Nehra,bowled,23
A Nehra,caught,76
A Nehra,caught and bowled,2
A Nehra,lbw,5
A Nel,caught,1
A Nortje,bowled,16
A Nortje,caught,42
A Nortje,caught and bowled,1
A Nortje,lbw,2
A Singh,bowled,6
A Singh,caught,21
A Singh,lbw,1
A Symonds,bowled,2
A Symonds,caught,13
A Symonds,caught and bowled,1
A Symonds,lbw,2
A Symonds,stumped,2
A Uniyal,caught,1
A Uniyal,lbw,1
A Zampa,bowled,2
A Zampa,caught,24
A Zampa,lbw,3
A Zampa,stumped,2
AA Chavan,bowled,1
AA Chavan,caught,5
AA Chavan,lbw,2
AA Jhunjhunwala,bowled,1
AA Noffke,caught,1
AB Agarkar,bowled,5
AB Agarkar,caught,23
AB Agarkar,caught and bowled,1
AB Dinda,bowled,14
AB Dinda,caught,52
AB Dinda,lbw,3
AB McDonald,bowled,6
AB McDonald,caught,5
AC Gilchrist,caught,1
AC Thomas,bowled,1
AC Thomas,caught,13
AD Mascarenhas,bowled,3
AD Mascarenhas,caught,14
AD Mascarenhas,caught and bowled,1
AD Mascarenhas,lbw,1
AD Mathews,bowled,6
AD Mathews,caught,20
AD Mathews,lbw,1
AD Russell,bowled,12
AD Russell,caught,101
AD Russell,caught and bowled,5
AD Russell,hit wicket,2
AD Russell,lbw,3
AF Milne,bowled,1
AF Milne,caught,6
AG Murtaza,bowled,1
AG Murtaza,caught,6
AG Murtaza,lbw,2
AJ Finch,caught,1
AJ Hosein,bowled,2
AJ Hosein,caught,7
AJ Tye,bowled,5
AJ Tye,caught,35
AJ Tye,caught and bowled,1
AJ Tye,lbw,1
AK Markram,bowled,1
AK Markram,caught,2
AK Markram,caught and bowled,1
AK Markram,lbw,1
AK Markram,stumped,1
AL Menaria,caught,1
AL Menaria,caught and bowled,1
AL Menaria,stumped,1
AM Ghazanfar,bowled,3
AM Ghazanfar,caught,9
AM Ghazanfar,lbw,2
AM Ghazanfar,stumped,1
AM Nayar,bowled,1
AM Nayar,caught,8
AM Rahane,bowled,1
AM Salvi,caught,6
AM Salvi,lbw,1
AN Ahmed,bowled,3
AN Ahmed,caught,8
AN Ahmed,lbw,1
AP Dole,bowled,2
AP Dole,caught,3
AR Patel,bowled,39
AR Patel,caught,73
AR Patel,caught and bowled,6
AR Patel,hit wicket,1
AR Patel,lbw,8
AR Patel,stumped,12
AS Joseph,bowled,6
AS Joseph,caught,14
AS Joseph,caught and bowled,1
AS Rajpoot,bowled,3
AS Rajpoot,caught,18
AS Rajpoot,caught and bowled,1
AS Rajpoot,lbw,2
AS Roy,bowled,2
AS Roy,caught,9
AS Roy,caught and bowled,2
AS Roy,lbw,1
AS Roy,stumped,1
AU Rashid,lbw,2
Abdul Samad,caught,2
Abhinandan Singh,caught,3
Abhishek Sharma,bowled,1
Abhishek Sharma,caught,6
Abhishek Sharma,lbw,2
Abhishek Sharma,stumped,2
Akash Deep,bowled,1
Akash Deep,caught,7
Akash Deep,caught and bowled,1
Akash Deep,lbw,1
Akash Madhwal,bowled,7
Akash Madhwal,caught,12
Akash Madhwal,lbw,4
Akash Singh,bowled,3
Akash Singh,caught,10
Anand Rajan,bowled,1
Anand Rajan,caught,6
Anand Rajan,lbw,1
Ankit Sharma,bowled,2
Ankit Sharma,caught,8
Ankit Sharma,lbw,2
Ankit Soni,caught,1
Ankit Soni,lbw,1
Anureet Singh,bowled,6
Anureet Singh,caught,12
Arjun Tendulkar,caught,2
Arjun Tendulkar,lbw,2
Arshad Khan,bowled,1
Arshad Khan,caught,16
Arshad Khan,caught and bowled,1
Arshdeep Singh,bowled,16
Arshdeep Singh,caught,87
Arshdeep Singh,caught and bowled,4
Arshdeep Singh,lbw,4
Ashok Sharma,caught,6
Ashwani Kumar,bowled,2
Ashwani Kumar,caught,14
Ashwani Kumar,lbw,1
Avesh Khan,bowled,17
Avesh Khan,caught,69
Avesh Khan,caught and bowled,2
Avesh Khan,lbw,5
Azhar Mahmood,bowled,3
Azhar Mahmood,caught,21
Azhar Mahmood,caught and bowled,1
Azhar Mahmood,lbw,4
Azmatullah Omarzai,bowled,1
Azmatullah Omarzai,caught,12
Azmatullah Omarzai,caught and bowled,1
Azmatullah Omarzai,lbw,1
B Akhil,bowled,1
B Akhil,caught,4
B Akhil,stumped,1
B Geeves,caught,1
B Kumar,bowled,46
B Kumar,caught,159
B Kumar,caught and bowled,6
B Kumar,lbw,13
B Kumar,stumped,2
B Laughlin,bowled,1
B Laughlin,caught,9
B Lee,bowled,6
B Lee,caught,17
B Lee,caught and bowled,2
B Muzarabani,caught,4
B Stanlake,bowled,1
B Stanlake,caught,6
BA Bhatt,bowled,1
BA Bhatt,caught,8
BA Bhatt,caught and bowled,1
BA Bhatt,lbw,2
BA Stokes,bowled,7
BA Stokes,caught,21
BAW Mendis,caught,6
BAW Mendis,caught and bowled,1
BAW Mendis,lbw,1
BB Sran,bowled,2
BB Sran,caught,16
BCJ Cutting,bowled,3
BCJ Cutting,caught,7
BE Hendricks,bowled,1
BE Hendricks,caught,8
BJ Dwarshuis,caught,1
BJ Hodge,bowled,4
BJ Hodge,caught,13
BMAJ Mendis,stumped,1
BW Hilfenhaus,bowled,5
BW Hilfenhaus,caught,16
BW Hilfenhaus,lbw,1
Basil Thampi,bowled,4
Basil Thampi,caught,13
Basil Thampi,caught and bowled,1
Basil Thampi,lbw,4
Bipul Sharma,bowled,2
Bipul Sharma,caught,13
Bipul Sharma,lbw,1
Bipul Sharma,stumped,1
Brijesh Sharma,bowled,2
Brijesh Sharma,caught,7
Brijesh Sharma,hit wicket,1
Brijesh Sharma,lbw,4
C Bosch,bowled,2
C Bosch,caught,10
C Bosch,lbw,1
C Green,bowled,1
C Green,caught,22
C Nanda,caught,2
C Sakariya,bowled,2
C Sakariya,caught,18
C de Grandhomme,caught,5
C de Grandhomme,lbw,1
CH Gayle,bowled,5
CH Gayle,caught,8
CH Gayle,lbw,2
CH Gayle,stumped,3
CH Morris,bowled,22
CH Morris,caught,66
CH Morris,caught and bowled,2
CH Morris,lbw,6
CJ Anderson,caught,10
CJ Anderson,lbw,1
CJ Jordan,bowled,6
CJ Jordan,caught,23
CJ Jordan,caught and bowled,1
CJ McKay,caught,1
CK Langeveldt,bowled,1
CK Langeveldt,caught,11
CK Langeveldt,lbw,1
CL White,caught,1
CR Brathwaite,bowled,2
CR Brathwaite,caught,11
CR Woakes,bowled,5
CR Woakes,caught,23
CR Woakes,caught and bowled,1
CR Woakes,lbw,1
CRD Fernando,bowled,2
CRD Fernando,caught,13
CRD Fernando,caught and bowled,1
CRD Fernando,lbw,1
CV Varun,bowled,26
CV Varun,caught,69
CV Varun,caught and bowled,3
CV Varun,lbw,9
CV Varun,stumped,4
D Brevis,lbw,1
D Ferreira,caught,1
D Jansen,caught,1
D Kalyankrishna,caught,2
D Madushanka,caught,1
D Pretorius,caught,5
D Pretorius,lbw,1
D Salunkhe,stumped,1
D Wiese,bowled,1
D Wiese,caught,13
D Wiese,caught and bowled,1
D Wiese,lbw,1
D du Preez,caught,4
DA Payne,caught,2
DAJ Bracewell,bowled,1
DAJ Bracewell,caught,2
DB Ravi Teja,caught,1
DE Bollinger,bowled,8
DE Bollinger,caught,26
DE Bollinger,caught and bowled,2
DE Bollinger,lbw,1
DG Nalkande,caught,6
DJ Bravo,bowled,21
DJ Bravo,caught,143
DJ Bravo,caught and bowled,11
DJ Bravo,lbw,8
DJ Hooda,bowled,1
DJ Hooda,caught,8
DJ Hooda,stumped,1
DJ Hussey,bowled,1
DJ Hussey,caught,6
DJ Hussey,stumped,1
DJ Mitchell,caught,1
DJ Muthuswami,caught,3
DJ Muthuswami,lbw,1
DJ Thornely,caught,2
DJ Thornely,caught and bowled,1
DJ Willey,bowled,3
DJ Willey,caught,3
DJG Sammy,bowled,5
DJG Sammy,caught,6
DJM Short,caught,1
DL Chahar,bowled,15
DL Chahar,caught,70
DL Chahar,caught and bowled,2
DL Chahar,lbw,9
DL Vettori,bowled,7
DL Vettori,caught,15
DL Vettori,lbw,4
DL Vettori,stumped,2
DNT Zoysa,caught,1
DNT Zoysa,caught and bowled,1
DP Nannes,bowled,5
DP Nannes,caught,20
DP Nannes,caught and bowled,1
DP Nannes,lbw,2
DP Vijaykumar,caught,4
DR Sams,caught,13
DR Sams,lbw,1
DR Smith,bowled,8
DR Smith,caught,16
DR Smith,lbw,2
DS Kulkarni,bowled,12
DS Kulkarni,caught,68
DS Kulkarni,caught and bowled,4
DS Kulkarni,lbw,2
DS Rathi,bowled,4
DS Rathi,caught,15
DT Christian,bowled,8
DT Christian,caught,25
DT Christian,caught and bowled,2
DT Christian,lbw,3
DW Steyn,bowled,26
DW Steyn,caught,62
DW Steyn,caught and bowled,2
DW Steyn,hit wicket,1
DW Steyn,lbw,6
E Malinga,bowled,2
E Malinga,caught,26
E Malinga,caught and bowled,3
E Malinga,lbw,2
FA Allen,caught,1
FA Allen,lbw,1
FH Edwards,bowled,1
FH Edwards,caught,3
FH Edwards,lbw,1
Fazalhaq Farooqi,bowled,3
Fazalhaq Farooqi,caught,3
G Coetzee,bowled,1
G Coetzee,caught,13
G Coetzee,caught and bowled,1
GB Hogg,bowled,5
GB Hogg,caught,11
GB Hogg,lbw,2
GB Hogg,stumped,5
GC Viljoen,bowled,1
GC Viljoen,caught,5
GC Viljoen,lbw,1
GD McGrath,bowled,1
GD McGrath,caught,10
GD McGrath,lbw,1
GD Phillips,caught,2
GF Linde,caught,1
GH Vihari,caught,1
GHS Garton,caught,3
GJ Maxwell,bowled,9
GJ Maxwell,caught,25
GJ Maxwell,lbw,5
GJ Maxwell,stumped,2
GR Napier,caught,1
GS Sandhu,caught,1
Gagandeep Singh,bowled,1
Gagandeep Singh,caught,2
Gurjapneet Singh,caught,4
Gurkeerat Singh,bowled,1
Gurkeerat Singh,caught,4
HF Gurney,caught,5
HF Gurney,lbw,2
HH Pandya,bowled,7
HH Pandya,caught,66
HH Pandya,caught and bowled,7
HH Pandya,lbw,2
HR Shokeen,caught,5
HV Patel,bowled,19
HV Patel,caught,120
HV Patel,caught and bowled,2
HV Patel,lbw,10
Harbhajan Singh,bowled,29
Harbhajan Singh,caught,83
Harbhajan Singh,caught and bowled,11
Harbhajan Singh,hit wicket,1
Harbhajan Singh,lbw,8
Harbhajan Singh,stumped,18
Harmeet Singh,bowled,6
Harmeet Singh,caught,15
Harmeet Singh,caught and bowled,2
Harmeet Singh,lbw,4
Harpreet Brar,bowled,11
Harpreet Brar,caught,22
Harpreet Brar,lbw,3
Harpreet Brar,stumped,1
Harsh Dubey,bowled,2
Harsh Dubey,caught,8
Harsh Dubey,caught and bowled,1
Harsh Dubey,lbw,1
Harsh Dubey,stumped,1
Harshit Rana,bowled,5
Harshit Rana,caught,32
Harshit Rana,caught and bowled,1
Harshit Rana,lbw,2
I Sharma,bowled,21
I Sharma,caught,69
I Sharma,lbw,6
I Udana,bowled,2
I Udana,caught,6
IC Pandey,bowled,4
IC Pandey,caught,14
IC Porel,caught,1
IK Pathan,bowled,22
IK Pathan,caught,49
IK Pathan,caught and bowled,3
IK Pathan,lbw,6
IS Sodhi,bowled,1
IS Sodhi,caught,7
IS Sodhi,lbw,1
Imran Tahir,bowled,16
Imran Tahir,caught,51
Imran Tahir,caught and bowled,5
Imran Tahir,lbw,7
Imran Tahir,stumped,3
Iqbal Abdulla,bowled,5
Iqbal Abdulla,caught,24
Iqbal Abdulla,caught and bowled,2
Iqbal Abdulla,lbw,6
Iqbal Abdulla,stumped,3
J Botha,bowled,7
J Botha,caught,7
J Botha,caught and bowled,2
J Botha,lbw,6
J Botha,stumped,3
J Little,bowled,2
J Little,caught,8
J Little,lbw,1
J Overton,bowled,3
J Overton,caught,11
J Suchith,bowled,3
J Suchith,caught,12
J Suchith,caught and bowled,1
J Suchith,lbw,1
J Suchith,stumped,2
J Syed Mohammad,bowled,1
J Syed Mohammad,caught,6
J Syed Mohammad,stumped,1
J Theron,bowled,5
J Theron,caught,5
J Theron,lbw,1
J Yadav,bowled,2
J Yadav,caught,4
J Yadav,caught and bowled,2
JA Duffy,caught,8
JA Duffy,hit wicket,1
JA Morkel,bowled,17
JA Morkel,caught,58
JA Morkel,caught and bowled,2
JA Morkel,hit wicket,1
JA Morkel,lbw,7
JA Richardson,bowled,2
JA Richardson,caught,1
JC Archer,bowled,20
JC Archer,caught,57
JC Archer,caught and bowled,3
JC Archer,lbw,4
JD Ryder,bowled,2
JD Ryder,caught,6
JD Unadkat,bowled,17
JD Unadkat,caught,88
JD Unadkat,caught and bowled,8
JD Unadkat,lbw,1
JDP Oram,caught,8
JDP Oram,caught and bowled,1
JDS Neesham,bowled,1
JDS Neesham,caught,7
JE Taylor,caught,6
JEC Franklin,bowled,1
JEC Franklin,caught,8
JH Kallis,bowled,18
JH Kallis,caught,40
JH Kallis,caught and bowled,1
JH Kallis,lbw,6
JJ Bumrah,bowled,48
JJ Bumrah,caught,120
JJ Bumrah,caught and bowled,4
JJ Bumrah,lbw,18
JJ van der Wath,caught,3
JL Pattinson,bowled,1
JL Pattinson,caught,8
JL Pattinson,lbw,2
JM Kemp,caught,2
JM Kemp,lbw,1
JO Holder,bowled,10
JO Holder,caught,58
JO Holder,lbw,2
JP Behrendorff,bowled,2
JP Behrendorff,caught,17
JP Duminy,bowled,5
JP Duminy,caught,13
JP Duminy,caught and bowled,2
JP Duminy,lbw,2
JP Duminy,stumped,1
JP Faulkner,bowled,18
JP Faulkner,caught,41
JP Faulkner,lbw,2
JPR Scantlebury-Searles,caught,2
JR Hazlewood,bowled,5
JR Hazlewood,caught,59
JR Hazlewood,caught and bowled,3
JR Hazlewood,lbw,5
JR Hopes,bowled,1
JR Hopes,caught,11
JR Hopes,caught and bowled,1
JR Hopes,lbw,1
JW Hastings,bowled,1
JW Hastings,caught,2
Jaskaran Singh,caught,5
Jaskaran Singh,lbw,1
Joginder Sharma,bowled,3
Joginder Sharma,caught,8
Joginder Sharma,lbw,1
K Gowtham,bowled,5
K Gowtham,caught,13
K Gowtham,caught and bowled,1
K Gowtham,stumped,2
K Kartikeya,bowled,5
K Kartikeya,caught,6
K Kartikeya,lbw,1
K Khejroliya,bowled,1
K Khejroliya,caught,4
K Khejroliya,lbw,1
K Rabada,bowled,20
K Rabada,caught,122
K Rabada,caught and bowled,6
K Rabada,lbw,3
K Santokie,caught,3
K Yadav,caught,2
KA Jamieson,bowled,2
KA Jamieson,caught,12
KA Jamieson,lbw,2
KA Maharaj,caught,2
KA Pollard,bowled,5
KA Pollard,caught,53
KA Pollard,caught and bowled,6
KA Pollard,hit wicket,1
KA Pollard,lbw,3
KA Pollard,stumped,1
KC Cariappa,bowled,1
KC Cariappa,caught,3
KC Cariappa,caught and bowled,1
KC Cariappa,lbw,1
KC Cariappa,stumped,2
KH Pandya,bowled,14
KH Pandya,caught,69
KH Pandya,caught and bowled,5
KH Pandya,hit wicket,1
KH Pandya,lbw,9
KH Pandya,stumped,9
KJ Abbott,bowled,1
KJ Abbott,caught,1
KK Ahmed,bowled,7
KK Ahmed,caught,81
KK Ahmed,lbw,3
KK Cooper,bowled,10
KK Cooper,caught,20
KK Cooper,caught and bowled,1
KK Cooper,lbw,2
KL Nagarkoti,caught,5
KM Asif,caught,7
KMA Paul,caught,9
KMDN Kulasekara,bowled,1
KMDN Kulasekara,caught,3
KMDN Kulasekara,caught and bowled,1
KP Appanna,bowled,1
KP Appanna,caught,5
KP Appanna,lbw,1
KP Appanna,stumped,2
KP Pietersen,bowled,1
KP Pietersen,caught,5
KP Pietersen,lbw,1
KR Sen,bowled,4
KR Sen,caught,8
KR Sen,caught and bowled,1
KR Sen,lbw,1
KT Maphaka,caught,2
KV Sharma,bowled,10
KV Sharma,caught,56
KV Sharma,caught and bowled,5
KV Sharma,lbw,6
KV Sharma,stumped,6
KW Richardson,bowled,2
KW Richardson,caught,15
KW Richardson,caught and bowled,1
KW Richardson,lbw,1
Kamran Khan,bowled,4
Kamran Khan,caught,6
Karanveer Singh,bowled,1
Karanveer Singh,caught,10
Karanveer Singh,stumped,1
Kartik Tyagi,bowled,2
Kartik Tyagi,caught,30
Kartik Tyagi,caught and bowled,1
Kuldeep Yadav,bowled,12
Kuldeep Yadav,caught,69
Kuldeep Yadav,caught and bowled,8
Kuldeep Yadav,lbw,12
Kuldeep Yadav,stumped,11
L Ablish,bowled,2
L Ablish,caught,1
L Balaji,bowled,19
L Balaji,caught,54
L Balaji,caught and bowled,2
L Balaji,lbw,1
L Ngidi,bowled,6
L Ngidi,caught,31
L Ngidi,caught and bowled,1
L Ngidi,lbw,4
L Wood,caught,1
LA Carseldine,caught,1
LB Williams,caught,1
LE Plunkett,bowled,1
LE Plunkett,caught,3
LH Ferguson,bowled,13
LH Ferguson,caught,39
LH Ferguson,lbw,2
LI Meriwala,caught,1
LJ Wright,caught,2
LMP Simmons,bowled,1
LR Shukla,bowled,5
LR Shukla,caught,7
LR Shukla,caught and bowled,1
LR Shukla,lbw,2
LS Livingstone,bowled,2
LS Livingstone,caught,8
LS Livingstone,caught and bowled,2
LS Livingstone,stumped,1
Lalit Yadav,bowled,3
Lalit Yadav,caught,6
Lalit Yadav,caught and bowled,1
M Ashwin,bowled,8
M Ashwin,caught,22
M Ashwin,caught and bowled,1
M Ashwin,lbw,3
M Ashwin,stumped,1
M Jansen,bowled,7
M Jansen,caught,33
M Jansen,caught and bowled,2
M Jansen,lbw,3
M Kartik,bowled,4
M Kartik,caught,18
M Kartik,caught and bowled,2
M Kartik,lbw,3
M Kartik,stumped,4
M Markande,bowled,9
M Markande,caught,18
M Markande,caught and bowled,1
M Markande,lbw,6
M Markande,stumped,3
M Morkel,bowled,17
M Morkel,caught,58
M Morkel,lbw,2
M Muralitharan,bowled,13
M Muralitharan,caught,35
M Muralitharan,caught and bowled,1
M Muralitharan,lbw,9
M Muralitharan,stumped,6
M Ntini,bowled,4
M Ntini,caught,3
M Pathirana,bowled,11
M Pathirana,caught,33
M Pathirana,lbw,3
M Prasidh Krishna,bowled,10
M Prasidh Krishna,caught,75
M Prasidh Krishna,caught and bowled,1
M Prasidh Krishna,lbw,5
M Shahrukh Khan,caught,1
M Siddharth,bowled,1
M Siddharth,caught,8
M Theekshana,bowled,9
M Theekshana,caught,22
M Theekshana,lbw,4
M Theekshana,stumped,1
M Tiwari,caught,4
M de Lange,bowled,2
M de Lange,caught,3
MA Khote,caught,2
MA Starc,bowled,25
MA Starc,caught,43
MA Starc,caught and bowled,3
MA Starc,lbw,5
MA Wood,bowled,3
MA Wood,caught,8
MC Henriques,bowled,5
MC Henriques,caught,35
MC Henriques,caught and bowled,1
MC Henriques,lbw,1
MD Shanaka,bowled,1
MF Maharoof,bowled,5
MF Maharoof,caught,20
MF Maharoof,lbw,2
MG Bracewell,caught,6
MG Johnson,bowled,12
MG Johnson,caught,49
MG Johnson,lbw,1
MJ Clarke,bowled,1
MJ Clarke,caught,1
MJ Henry,bowled,1
MJ Henry,caught,3
MJ McClenaghan,bowled,9
MJ McClenaghan,caught,58
MJ McClenaghan,hit wicket,1
MJ McClenaghan,lbw,3
MJ Santner,bowled,3
MJ Santner,caught,18
MJ Santner,caught and bowled,3
MJ Santner,hit wicket,1
MJ Santner,lbw,2
MJ Santner,stumped,3
MJ Suthar,caught,2
MK Lomror,stumped,1
MK Tiwary,caught,1
MM Ali,bowled,10
MM Ali,caught,21
MM Ali,caught and bowled,2
MM Ali,lbw,8
MM Patel,bowled,12
MM Patel,caught,54
MM Patel,caught and bowled,3
MM Patel,lbw,4
MM Patel,stumped,1
MM Sharma,bowled,22
MM Sharma,caught,104
MM Sharma,caught and bowled,4
MM Sharma,lbw,4
MN Samuels,bowled,2
MN Samuels,caught,7
MP Stoinis,bowled,6
MP Stoinis,caught,40
MP Yadav,bowled,3
MP Yadav,caught,6
MR Marsh,bowled,2
MR Marsh,caught,33
MR Marsh,lbw,2
MS Gony,bowled,12
MS Gony,caught,22
MS Gony,caught and bowled,2
MS Gony,lbw,1
Mayank Dagar,bowled,1
Mayank Dagar,caught,1
Mohammad Asif,bowled,2
Mohammad Asif,caught,5
Mohammad Asif,caught and bowled,1
Mohammad Hafeez,bowled,1
Mohammad Hafeez,stumped,1
Mohammad Nabi,bowled,3
Mohammad Nabi,caught,11
Mohammad Nabi,stumped,1
Mohammed Shami,bowled,31
Mohammed Shami,caught,102
Mohammed Shami,caught and bowled,2
Mohammed Shami,lbw,10
Mohammed Siraj,bowled,26
Mohammed Siraj,caught,91
Mohammed Siraj,caught and bowled,1
Mohammed Siraj,lbw,10
Mohsin Khan,bowled,3
Mohsin Khan,caught,35
Mujeeb Ur Rahman,bowled,4
Mujeeb Ur Rahman,caught,14
Mujeeb Ur Rahman,lbw,1
Mujeeb Ur Rahman,stumped,1
Mukesh Choudhary,bowled,5
Mukesh Choudhary,caught,17
Mukesh Choudhary,caught and bowled,1
Mukesh Choudhary,lbw,2
Mukesh Kumar,bowled,9
Mukesh Kumar,caught,27
Mukesh Kumar,caught and bowled,5
Mukesh Kumar,lbw,1
Musheer Khan,caught,1
Mustafizur Rahman,bowled,11
Mustafizur Rahman,caught,51
Mustafizur Rahman,caught and bowled,2
Mustafizur Rahman,lbw,1
N Burger,bowled,3
N Burger,caught,17
N Burger,caught and bowled,1
N Rana,bowled,3
N Rana,caught,5
N Rana,lbw,1
N Rana,stumped,1
N Thushara,bowled,1
N Thushara,caught,6
N Thushara,lbw,2
NB Singh,caught,1
ND Doshi,bowled,1
ND Doshi,caught,1
NLTC Perera,bowled,6
NLTC Perera,caught,24
NLTC Perera,lbw,1
NM Coulter-Nile,bowled,8
NM Coulter-Nile,caught,34
NM Coulter-Nile,caught and bowled,2
NM Coulter-Nile,hit wicket,1
NM Coulter-Nile,lbw,3
NT Ellis,bowled,3
NT Ellis,caught,13
NT Ellis,caught and bowled,1
NT Ellis,lbw,2
Navdeep Saini,bowled,4
Navdeep Saini,caught,20
Naveen-ul-Haq,bowled,4
Naveen-ul-Haq,caught,20
Naveen-ul-Haq,lbw,1
Nithish Kumar Reddy,bowled,1
Nithish Kumar Reddy,caught,11
Nithish Kumar Reddy,caught and bowled,1
Noor Ahmad,bowled,12
Noor Ahmad,caught,38
Noor Ahmad,caught and bowled,1
Noor Ahmad,lbw,3
Noor Ahmad,stumped,7
O Thomas,caught,5
OC McCoy,bowled,3
OC McCoy,caught,8
OF Smith,caught,6
P Amarnath,bowled,1
P Amarnath,caught,6
P Awana,bowled,7
P Awana,caught,31
P Awana,lbw,1
P Dubey,caught,2
P Kumar,bowled,14
P Kumar,caught,70
P Kumar,caught and bowled,1
P Kumar,lbw,5
P Negi,bowled,5
P Negi,caught,22
P Negi,caught and bowled,2
P Negi,stumped,5
P Parameswaran,bowled,1
P Parameswaran,caught,7
P Parameswaran,caught and bowled,1
P Sahu,caught,1
P Sahu,lbw,1
P Sahu,stumped,1
P Suyal,caught,2
PC Valthaty,bowled,1
PC Valthaty,caught,5
PC Valthaty,lbw,1
PD Collingwood,bowled,1
PD Collingwood,caught,3
PD Collingwood,caught and bowled,1
PH Solanki,caught,2
PHKD Mendis,bowled,1
PHKD Mendis,caught,1
PJ Cummins,bowled,16
PJ Cummins,caught,66
PJ Cummins,hit wicket,1
PJ Cummins,lbw,4
PJ Sangwan,bowled,5
PJ Sangwan,caught,32
PJ Sangwan,lbw,1
PM Sarvesh Kumar,caught,1
PP Chawla,bowled,50
PP Chawla,caught,95
PP Chawla,caught and bowled,7
PP Chawla,lbw,21
PP Chawla,stumped,19
PP Hinge,bowled,1
PP Hinge,caught,12
PP Hinge,caught and bowled,1
PP Ojha,bowled,15
PP Ojha,caught,57
PP Ojha,lbw,5
PP Ojha,stumped,12
PV Tambe,bowled,3
PV Tambe,caught,14
PV Tambe,caught and bowled,3
PV Tambe,lbw,5
PV Tambe,stumped,3
PVD Chameera,bowled,1
PVD Chameera,caught,12
PVSN Raju,caught,1
PWH de Silva,bowled,7
PWH de Silva,caught,27
PWH de Silva,caught and bowled,2
PWH de Silva,lbw,6
PWH de Silva,stumped,4
Pankaj Singh,bowled,2
Pankaj Singh,caught,9
Parvez Rasool,bowled,1
Parvez Rasool,caught,3
Prince Yadav,bowled,8
Prince Yadav,caught,10
Prince Yadav,caught and bowled,1
R Ashwin,bowled,29
R Ashwin,caught,122
R Ashwin,caught and bowled,7
R Ashwin,lbw,19
R Ashwin,stumped,10
R Bhatia,bowled,19
R Bhatia,caught,44
R Bhatia,caught and bowled,2
R Bhatia,lbw,6
R Dhawan,bowled,5
R Dhawan,caught,17
R Dhawan,lbw,3
R McLaren,bowled,4
R McLaren,caught,8
R Ninan,caught,3
R Parag,caught,9
R Powell,bowled,1
R Rampaul,bowled,1
R Rampaul,caught,14
R Rampaul,lbw,1
R Sai Kishore,bowled,2
R Sai Kishore,caught,25
R Sai Kishore,caught and bowled,2
R Sai Kishore,lbw,2
R Sai Kishore,stumped,2
R Sathish,bowled,1
R Sathish,caught,1
R Sathish,caught and bowled,1
R Sharma,bowled,8
R Sharma,caught,20
R Sharma,caught and bowled,2
R Sharma,lbw,8
R Sharma,stumped,2
R Shepherd,bowled,1
R Shepherd,caught,15
R Shepherd,lbw,1
R Shukla,bowled,3
R Shukla,caught,2
R Tewatia,bowled,2
R Tewatia,caught,22
R Tewatia,lbw,2
R Tewatia,stumped,6
R Vinay Kumar,bowled,13
R Vinay Kumar,caught,82
R Vinay Kumar,caught and bowled,4
R Vinay Kumar,lbw,6
RA Bawa,bowled,1
RA Bawa,caught,1
RA Jadeja,bowled,40
RA Jadeja,caught,103
RA Jadeja,caught and bowled,7
RA Jadeja,lbw,18
RA Jadeja,stumped,12
RD Chahar,bowled,9
RD Chahar,caught,47
RD Chahar,caught and bowled,4
RD Chahar,lbw,6
RD Chahar,stumped,9
RE van der Merwe,bowled,5
RE van der Merwe,caught,9
RE van der Merwe,caught and bowled,2
RE van der Merwe,lbw,4
RE van der Merwe,stumped,1
RG More,caught,1
RG Sharma,bowled,5
RG Sharma,caught,8
RG Sharma,caught and bowled,1
RG Sharma,stumped,1
RJ Gleeson,bowled,1
RJ Gleeson,caught,1
RJ Harris,bowled,8
RJ Harris,caught,31
RJ Harris,caught and bowled,2
RJ Harris,lbw,4
RJ Peterson,caught,3
RJW Topley,bowled,1
RJW Topley,caught,4
RN ten Doeschate,caught,1
RN ten Doeschate,caught and bowled,1
RP Meredith,bowled,2
RP Meredith,caught,17
RP Singh,bowled,25
RP Singh,caught,58
RP Singh,caught and bowled,2
RP Singh,lbw,5
RR Powar,bowled,5
RR Powar,caught,6
RR Powar,stumped,2
RR Raje,bowled,2
RR Raje,caught,4
RS Bopara,bowled,2
RS Bopara,caught,6
RS Bopara,caught and bowled,3
RS Ghosh,caught,1
RS Hangargekar,caught,3
RV Gomez,bowled,2
RV Gomez,caught,2
RV Gomez,lbw,1
Raghu Sharma,caught and bowled,1
Ramandeep Singh,caught,6
Ramandeep Singh,caught and bowled,1
Rashid Khan,bowled,45
Rashid Khan,caught,85
Rashid Khan,caught and bowled,2
Rashid Khan,lbw,39
Rashid Khan,stumped,8
Rasikh Salam,bowled,7
Rasikh Salam,caught,21
Rasikh Salam,caught and bowled,1
Ravi Bishnoi,bowled,17
Ravi Bishnoi,caught,50
Ravi Bishnoi,caught and bowled,4
Ravi Bishnoi,lbw,6
Ravi Bishnoi,stumped,6
S Aravind,bowled,8
S Aravind,caught,32
S Aravind,caught and bowled,3
S Aravind,lbw,2
S Badree,bowled,3
S Badree,caught,6
S Badree,lbw,2
S Dhawan,bowled,1
S Dhawan,caught,3
S Dube,bowled,1
S Dube,caught,5
S Gopal,bowled,5
S Gopal,caught,31
S Gopal,caught and bowled,7
S Gopal,lbw,3
S Gopal,stumped,6
S Kaul,bowled,12
S Kaul,caught,44
S Kaul,lbw,2
S Kaushik,caught,6
S Ladda,bowled,1
S Ladda,caught,2
S Ladda,stumped,2
S Lamichhane,caught,7
S Lamichhane,caught and bowled,1
S Lamichhane,lbw,3
S Lamichhane,stumped,2
S Nadeem,bowled,9
S Nadeem,caught,26
S Nadeem,caught and bowled,5
S Nadeem,lbw,4
S Nadeem,stumped,4
S Narwal,bowled,1
S Narwal,caught,4
S Randiv,caught,4
S Randiv,stumped,2
S Sandeep Warrier,bowled,1
S Sandeep Warrier,caught,7
S Sreesanth,bowled,7
S Sreesanth,caught,27
S Sreesanth,hit wicket,2
S Sreesanth,lbw,4
S Tyagi,bowled,2
S Tyagi,caught,4
S Vidyut,caught,1
SA Abbott,caught and bowled,1
SB Bangar,bowled,1
SB Bangar,caught,3
SB Jakati,bowled,10
SB Jakati,caught,26
SB Jakati,caught and bowled,2
SB Jakati,lbw,2
SB Jakati,stumped,7
SB Joshi,caught,1
SB Styris,caught,8
SB Wagh,caught,5
SC Ganguly,bowled,4
SC Ganguly,caught,6
SC Kuggeleijn,caught,2
SD Chitnis,caught,2
SE Bond,bowled,1
SE Bond,caught,6
SE Bond,caught and bowled,1
SE Bond,lbw,1
SE Rutherford,caught,1
SH Johnson,bowled,2
SH Johnson,caught,4
SH Johnson,caught and bowled,1
SJ Srivastava,bowled,1
SJ Srivastava,caught,12
SJ Srivastava,caught and bowled,1
SK Raina,bowled,1
SK Raina,caught,15
SK Raina,caught and bowled,3
SK Raina,lbw,4
SK Raina,stumped,2
SK Trivedi,bowled,15
SK Trivedi,caught,46
SK Trivedi,caught and bowled,2
SK Trivedi,lbw,2
SK Warne,bowled,6
SK Warne,caught,32
SK Warne,caught and bowled,5
SK Warne,lbw,6
SK Warne,stumped,8
SL Malinga,bowled,63
SL Malinga,caught,90
SL Malinga,caught and bowled,6
SL Malinga,lbw,11
SM Boland,caught,2
SM Curran,bowled,9
SM Curran,caught,46
SM Curran,caught and bowled,1
SM Curran,lbw,3
SM Harwood,caught,3
SM Pollock,caught,9
SM Pollock,lbw,1
SM Pollock,stumped,1
SMSM Senanayake,bowled,4
SMSM Senanayake,caught,1
SMSM Senanayake,lbw,3
SMSM Senanayake,stumped,1
SN Thakur,bowled,10
SN Thakur,caught,101
SN Thakur,caught and bowled,3
SN Thakur,hit wicket,1
SN Thakur,lbw,4
SP Narine,bowled,57
SP Narine,caught,105
SP Narine,caught and bowled,10
SP Narine,lbw,26
SP Narine,stumped,11
SR Dubey,bowled,1
SR Dubey,caught,4
SR Watson,bowled,16
SR Watson,caught,71
SR Watson,caught and bowled,2
SR Watson,lbw,2
SR Watson,stumped,1
SS Agarwal,caught and bowled,1
SS Cottrell,bowled,1
SS Cottrell,caught,5
SS Mishra,caught,2
SS Mundhe,caught,1
SS Sarkar,bowled,1
SSB Magala,caught,1
ST Jayasuriya,bowled,2
ST Jayasuriya,caught,10
ST Jayasuriya,stumped,1
STR Binny,bowled,5
STR Binny,caught,15
STR Binny,lbw,2
SW Tait,bowled,5
SW Tait,caught,17
SW Tait,caught and bowled,1
Sachin Baby,caught,2
Sakib Hussain,bowled,4
Sakib Hussain,caught,10
Sakib Hussain,lbw,1
Sandeep Sharma,bowled,28
Sandeep Sharma,caught,99
Sandeep Sharma,caught and bowled,6
Sandeep Sharma,lbw,17
Sandeep Sharma,stumped,1
Shahbaz Ahmed,bowled,2
Shahbaz Ahmed,caught,22
Shahbaz Ahmed,caught and bowled,1
Shahbaz Ahmed,lbw,2
Shahid Afridi,bowled,1
Shahid Afridi,caught,6
Shahid Afridi,lbw,2
Shakib Al Hasan,bowled,13
Shakib Al Hasan,caught,35
Shakib Al Hasan,caught and bowled,2
Shakib Al Hasan,lbw,4
Shakib Al Hasan,stumped,9
Shashank Singh,caught,5
Shivam Mavi,bowled,6
Shivam Mavi,caught,23
Shivam Mavi,caught and bowled,1
Shivam Sharma,bowled,2
Shivam Sharma,caught,2
Shivang Kumar,caught,9
Shoaib Ahmed,bowled,1
Shoaib Ahmed,caught,3
Shoaib Ahmed,lbw,1
Shoaib Akhtar,caught,4
Shoaib Akhtar,lbw,1
Shoaib Malik,caught,1
Shoaib Malik,caught and bowled,1
Sikandar Raza,caught,1
Sikandar Raza,lbw,1
Sikandar Raza,stumped,1
Simarjeet Singh,caught,11
Sohail Tanvir,bowled,8
Sohail Tanvir,caught,11
Sohail Tanvir,lbw,3
Suyash Sharma,bowled,9
Suyash Sharma,caught,16
Suyash Sharma,lbw,2
Swapnil Singh,caught,4
Swapnil Singh,caught and bowled,1
Swapnil Singh,lbw,2
T Henderson,caught,1
T Natarajan,bowled,16
T Natarajan,caught,51
T Natarajan,caught and bowled,1
T Natarajan,lbw,5
T Shamsi,caught,1
T Shamsi,caught and bowled,1
T Shamsi,stumped,1
T Stubbs,caught,2
T Stubbs,stumped,2
T Thushara,bowled,1
T Thushara,caught,7
TA Boult,bowled,28
TA Boult,caught,97
TA Boult,caught and bowled,3
TA Boult,hit wicket,1
TA Boult,lbw,16
TG Southee,bowled,6
TG Southee,caught,35
TG Southee,caught and bowled,2
TG Southee,lbw,4
TK Curran,bowled,1
TK Curran,caught,12
TL Suman,caught,6
TM Dilshan,bowled,1
TM Dilshan,caught,3
TM Dilshan,stumped,1
TM Head,caught,2
TM Head,stumped,1
TP Sudhindra,caught,1
TS Mills,bowled,2
TS Mills,caught,8
TS Mills,lbw,1
TU Deshpande,bowled,5
TU Deshpande,caught,49
TU Deshpande,lbw,1
UT Yadav,bowled,24
UT Yadav,caught,108
UT Yadav,caught and bowled,2
UT Yadav,lbw,10
Umar Gul,bowled,4
Umar Gul,caught,5
Umar Gul,lbw,3
Umran Malik,bowled,10
Umran Malik,caught,16
Umran Malik,caught and bowled,2
Umran Malik,lbw,1
V Kaverappa,caught,2
V Kohli,bowled,1
V Kohli,caught,3
V Nigam,bowled,1
V Nigam,caught,9
V Nigam,lbw,2
V Nigam,stumped,1
V Pratap Singh,bowled,2
V Pratap Singh,caught,8
V Puthur,caught,5
V Puthur,caught and bowled,1
V Sehwag,bowled,2
V Sehwag,caught,3
V Sehwag,stumped,1
V Shankar,bowled,1
V Shankar,caught,7
V Shankar,caught and bowled,1
V Viyaskanth,caught,1
VG Arora,bowled,5
VG Arora,caught,40
VG Arora,lbw,2
VR Aaron,bowled,6
VR Aaron,caught,37
VR Aaron,lbw,1
VR Iyer,caught,3
VRV Singh,bowled,4
VRV Singh,caught,8
VS Malik,caught,5
VS Malik,lbw,1
VY Mahesh,bowled,5
VY Mahesh,caught,16
Vijaykumar Vyshak,bowled,2
Vijaykumar Vyshak,caught,24
W O'Rourke,caught,5
W O'Rourke,lbw,1
WA Mota,caught,4
WD Parnell,bowled,5
WD Parnell,caught,26
WD Parnell,hit wicket,1
WD Parnell,lbw,3
WG Jacks,bowled,1
WG Jacks,caught,7
WG Jacks,stumped,2
WPUJC Vaas,bowled,3
WPUJC Vaas,caught,12
WPUJC Vaas,lbw,2
WPUJC Vaas,stumped,1
Washington Sundar,bowled,4
Washington Sundar,caught,28
Washington Sundar,caught and bowled,1
Washington Sundar,hit wicket,1
Washington Sundar,lbw,3
Washington Sundar,stumped,3
XC Bartlett,caught,7
Y Nagar,caught,3
Y Nagar,caught and bowled,1
Y Prithvi Raj,bowled,1
Y Venugopal Rao,bowled,1
Y Venugopal Rao,caught,4
Y Venugopal Rao,lbw,1
YA Abdulla,bowled,4
YA Abdulla,caught,10
YA Abdulla,lbw,1
YK Pathan,bowled,10
YK Pathan,caught,21
YK Pathan,caught and bowled,2
YK Pathan,lbw,5
YK Pathan,stumped,4
YS Chahal,bowled,38
YS Chahal,caught,150
YS Chahal,caught and bowled,4
YS Chahal,lbw,19
YS Chahal,stumped,22
Yash Dayal,bowled,6
Yash Dayal,caught,34
Yash Dayal,lbw,1
Yash Raj Punja,bowled,2
Yash Raj Punja,caught,6
Yash Raj Punja,lbw,1
Yash Thakur,bowled,5
Yash Thakur,caught,22
Yudhvir Singh,bowled,2
Yudhvir Singh,caught,6
Yuvraj Singh,bowled,9
Yuvraj Singh,caught,19
Yuvraj Singh,caught and bowled,2
Yuvraj Singh,lbw,2
Yuvraj Singh,stumped,4
Z Khan,bowled,22
Z Khan,caught,70
Z Khan,caught and bowled,1
Z Khan,lbw,9
Zeeshan Ansari,bowled,1
Zeeshan Ansari,caught,4
Zeeshan Ansari,caught and bowled,1
