,balls_faced,balls_bowled,role
A Ashish Reddy,193.0,262.0,All-rounder
A Badoni,834.0,41.0,Batter
A Chandila,7.0,234.0,Bowler
A Chopra,71.0,0.0,Insufficient data
A Choudhary,20.0,101.0,Insufficient data
A Dananjaya,5.0,24.0,Insufficient data
A Flintoff,53.0,66.0,Insufficient data
A Kamboj,50.0,491.0,Bowler
A Kumble,47.0,965.0,Bowler
A Manohar,235.0,0.0,Batter
A Mhatre,239.0,0.0,Batter
A Mishra,417.0,3371.0,Bowler
A Mithun,26.0,288.0,Bowler
A Mukund,22.0,0.0,Insufficient data
A Nehra,60.0,1908.0,Bowler
A Nortje,50.0,1120.0,Bowler
A Raghuvanshi,606.0,0.0,Batter
A Singh,9.0,473.0,Bowler
A Symonds,745.0,527.0,All-rounder
A Tomar,8.0,0.0,Insufficient data
A Uniyal,7.0,36.0,Insufficient data
A Zampa,24.0,467.0,Bowler
AA Bilakhia,84.0,0.0,Insufficient data
AA Chavan,11.0,248.0,Bowler
AA Jhunjhunwala,209.0,85.0,Batter
AA Kulkarni,33.0,0.0,Insufficient data
AA Noffke,10.0,24.0,Insufficient data
AB Agarkar,151.0,782.0,Bowler
AB Barath,42.0,0.0,Insufficient data
AB Dinda,48.0,1516.0,Bowler
AB McDonald,100.0,186.0,All-rounder
AB de Villiers,3400.0,0.0,Batter
AC Blizzard,90.0,0.0,Insufficient data
AC Gilchrist,1483.0,1.0,Batter
AC Thomas,19.0,315.0,Bowler
AC Voges,143.0,54.0,Batter
AD Hales,117.0,0.0,Insufficient data
AD Mascarenhas,78.0,308.0,Bowler
AD Mathews,573.0,791.0,All-rounder
AD Nath,98.0,0.0,Insufficient data
AD Russell,1509.0,1806.0,All-rounder
AF Milne,31.0,227.0,Bowler
AG Murtaza,14.0,264.0,Bowler
AG Paunikar,55.0,0.0,Insufficient data
AJ Finch,1626.0,43.0,Batter
AJ Hosein,13.0,172.0,Bowler
AJ Turner,28.0,0.0,Insufficient data
AJ Tye,75.0,685.0,Bowler
AK Markram,1228.0,223.0,Batter
AL Menaria,354.0,110.0,Batter
AM Ghazanfar,3.0,233.0,Bowler
AM Nayar,573.0,229.0,Batter
AM Rahane,4269.0,6.0,Batter
AN Ahmed,26.0,344.0,Bowler
AN Ghosh,8.0,0.0,Insufficient data
AP Dole,22.0,66.0,Insufficient data
AP Majumdar,76.0,0.0,Insufficient data
AP Tare,272.0,0.0,Batter
AR Bawne,12.0,0.0,Insufficient data
AR Patel,1557.0,3585.0,All-rounder
AS Joseph,32.0,434.0,Bowler
AS Rajpoot,41.0,530.0,Bowler
AS Raut,167.0,30.0,Batter
AS Roy,64.0,323.0,Bowler
AS Yadav,39.0,0.0,Insufficient data
AT Carey,29.0,0.0,Insufficient data
AT Rayudu,3391.0,0.0,Batter
AU Rashid,15.0,60.0,Insufficient data
AUK Pathan,23.0,39.0,Insufficient data
Abdul Basith,1.0,0.0,Insufficient data
Abdul Samad,575.0,57.0,Batter
Abdur Razzak,2.0,12.0,Insufficient data
Abhishek Sharma,1383.0,365.0,Batter
Abishek Porel,528.0,0.0,Batter
Akash Deep,14.0,278.0,Bowler
Akash Madhwal,14.0,352.0,Bowler
Akshat Raghuwanshi,25.0,0.0,Insufficient data
Aman Hakim Khan,104.0,6.0,Insufficient data
Aniket Verma,196.0,0.0,Batter
Anirudh Singh,66.0,0.0,Insufficient data
Ankit Sharma,67.0,367.0,Bowler
Ankit Soni,9.0,109.0,Insufficient data
Anmolpreet Singh,115.0,0.0,Insufficient data
Anuj Rawat,267.0,0.0,Batter
Anureet Singh,47.0,412.0,Bowler
Arjun Tendulkar,14.0,97.0,Insufficient data
Arshad Khan,95.0,364.0,Bowler
Arshad Khan (2),4.0,12.0,Insufficient data
Arshdeep Singh,47.0,2032.0,Bowler
Ashok Sharma,4.0,126.0,Insufficient data
Ashutosh Sharma,328.0,0.0,Batter
Ashwani Kumar,6.0,183.0,Bowler
Atharva Taide,177.0,1.0,Batter
Auqib Nabi,3.0,78.0,Insufficient data
Avesh Khan,43.0,1767.0,Bowler
Azhar Mahmood,303.0,537.0,All-rounder
Azmatullah Omarzai,101.0,354.0,Bowler
B Akhil,55.0,188.0,Bowler
B Chipli,250.0,6.0,Batter
B Indrajith,30.0,0.0,Insufficient data
B Kumar,376.0,4600.0,Bowler
B Laughlin,13.0,168.0,Bowler
B Lee,96.0,875.0,Bowler
B Sai Sudharsan,1675.0,0.0,Batter
B Stanlake,2.0,144.0,Insufficient data
B Sumanth,37.0,0.0,Insufficient data
BA Bhatt,7.0,296.0,Bowler
BA Stokes,695.0,689.0,All-rounder
BAW Mendis,6.0,244.0,Bowler
BB McCullum,2176.0,0.0,Batter
BB Samantray,113.0,0.0,Insufficient data
BB Sran,13.0,483.0,Bowler
BCJ Cutting,141.0,281.0,All-rounder
BE Hendricks,3.0,150.0,Bowler
BJ Haddin,11.0,0.0,Insufficient data
BJ Hodge,1112.0,234.0,Batter
BJ Rohrer,141.0,6.0,Insufficient data
BKG Mendis,10.0,0.0,Insufficient data
BMAJ Mendis,27.0,30.0,Insufficient data
BR Dunk,35.0,0.0,Insufficient data
BR Sharath,5.0,0.0,Insufficient data
Basil Thampi,35.0,521.0,Bowler
Bipul Sharma,123.0,426.0,Bowler
Brijesh Sharma,4.0,273.0,Bowler
C Bosch,63.0,163.0,Bowler
C Connolly,299.0,0.0,Batter
C Green,677.0,571.0,All-rounder
C Madan,18.0,0.0,Insufficient data
C Munro,141.0,12.0,Batter
C Nanda,1.0,48.0,Insufficient data
C Sakariya,30.0,444.0,Bowler
C de Grandhomme,224.0,216.0,All-rounder
CA Ingram,179.0,0.0,Batter
CA Lynn,941.0,0.0,Batter
CA Pujara,390.0,0.0,Batter
CH Gayle,3331.0,554.0,Batter
CH Morris,397.0,1726.0,Bowler
CJ Anderson,421.0,297.0,All-rounder
CJ Ferguson,117.0,0.0,Insufficient data
CJ Jordan,77.0,674.0,Bowler
CJ McKay,15.0,42.0,Insufficient data
CK Kapugedera,22.0,17.0,Insufficient data
CK Langeveldt,9.0,156.0,Bowler
CL White,757.0,42.0,Batter
CM Gautam,149.0,0.0,Insufficient data
CR Brathwaite,110.0,254.0,All-rounder
CR Woakes,77.0,440.0,Bowler
CRD Fernando,3.0,234.0,Bowler
CV Varun,53.0,2136.0,Bowler
D Brevis,415.0,3.0,Batter
D Ferreira,191.0,18.0,Batter
D Kalyankrishna,8.0,48.0,Insufficient data
D Padikkal,1700.0,0.0,Batter
D Pretorius,28.0,150.0,Bowler
D Salunkhe,24.0,47.0,Insufficient data
D Wiese,100.0,296.0,Bowler
D du Preez,13.0,42.0,Insufficient data
DA Miller,2350.0,0.0,Batter
DA Payne,5.0,30.0,Insufficient data
DA Warner,4682.0,1.0,Batter
DAJ Bracewell,9.0,24.0,Insufficient data
DB Das,260.0,0.0,Batter
DB Ravi Teja,315.0,18.0,Batter
DE Bollinger,22.0,576.0,Bowler
DG Nalkande,12.0,84.0,Insufficient data
DH Yagnik,133.0,0.0,Insufficient data
DJ Bravo,1196.0,3120.0,Bowler
DJ Harris,101.0,18.0,Insufficient data
DJ Hooda,1167.0,379.0,Batter
DJ Hussey,1070.0,317.0,Batter
DJ Jacobs,98.0,0.0,Insufficient data
DJ Malan,26.0,0.0,Insufficient data
DJ Mitchell,267.0,48.0,Batter
DJ Muthuswami,3.0,84.0,Insufficient data
DJ Thornely,53.0,42.0,Insufficient data
DJ Willey,62.0,216.0,Bowler
DJG Sammy,241.0,236.0,All-rounder
DJM Short,99.0,18.0,Insufficient data
DL Chahar,103.0,2068.0,Bowler
DL Vettori,112.0,777.0,Bowler
DM Bravo,5.0,0.0,Insufficient data
DNT Zoysa,9.0,66.0,Insufficient data
DP Conway,770.0,0.0,Batter
DP Nannes,13.0,646.0,Bowler
DP Vijaykumar,1.0,152.0,Bowler
DPMD Jayawardene,1462.0,0.0,Batter
DR Martyn,24.0,0.0,Insufficient data
DR Sams,44.0,360.0,Bowler
DR Shorey,17.0,0.0,Insufficient data
DR Smith,1755.0,539.0,Batter
DS Kulkarni,108.0,1787.0,Bowler
DS Lehmann,18.0,0.0,Insufficient data
DS Rathi,8.0,546.0,Bowler
DT Christian,394.0,883.0,All-rounder
DT Patil,13.0,0.0,Insufficient data
DV Malewar,5.0,0.0,Insufficient data
DW Steyn,160.0,2182.0,Bowler
Dhruv Jurel,775.0,0.0,Batter
E Lewis,477.0,0.0,Batter
E Malinga,17.0,486.0,Bowler
EJG Morgan,1147.0,0.0,Batter
ER Dwivedi,14.0,0.0,Insufficient data
F Behardien,13.0,0.0,Insufficient data
F du Plessis,3506.0,6.0,Batter
FA Allen,18.0,90.0,Insufficient data
FH Allen,163.0,0.0,Batter
FH Edwards,5.0,140.0,Insufficient data
FY Fazal,172.0,12.0,Batter
Fazalhaq Farooqi,15.0,254.0,Bowler
G Coetzee,32.0,273.0,Bowler
G Gambhir,3394.0,0.0,Batter
GB Hogg,22.0,458.0,Bowler
GC Smith,664.0,0.0,Batter
GC Viljoen,7.0,138.0,Insufficient data
GD McGrath,5.0,324.0,Bowler
GD Phillips,108.0,30.0,Insufficient data
GF Linde,21.0,37.0,Insufficient data
GH Vihari,319.0,42.0,Batter
GHS Garton,4.0,90.0,Insufficient data
GJ Bailey,541.0,0.0,Batter
GJ Maxwell,1810.0,1022.0,All-rounder
GR Napier,16.0,24.0,Insufficient data
Gulbadin Naib,15.0,6.0,Insufficient data
Gurkeerat Singh,422.0,78.0,Batter
H Das,5.0,0.0,Insufficient data
H Klaasen,1253.0,0.0,Batter
HC Brook,153.0,0.0,Batter
HE van der Dussen,24.0,0.0,Insufficient data
HF Gurney,5.0,162.0,Bowler
HH Gibbs,805.0,0.0,Batter
HH Pandya,2016.0,1764.0,All-rounder
HM Amla,406.0,0.0,Batter
HR Shokeen,65.0,204.0,Bowler
HV Patel,238.0,2507.0,Bowler
Harbhajan Singh,599.0,3416.0,Bowler
Harmeet Singh,12.0,549.0,Bowler
Harpreet Brar,206.0,859.0,Bowler
Harpreet Singh,118.0,0.0,Insufficient data
Harsh Dubey,9.0,192.0,Bowler
Harshit Rana,55.0,649.0,Bowler
Himmat Singh,65.0,0.0,Insufficient data
I Malhotra,4.0,6.0,Insufficient data
I Sharma,69.0,2419.0,Bowler
I Udana,11.0,174.0,Bowler
IC Pandey,2.0,462.0,Bowler
IK Pathan,947.0,2043.0,All-rounder
IR Jaggi,97.0,0.0,Insufficient data
IS Sodhi,17.0,181.0,Bowler
Imran Tahir,37.0,1316.0,Bowler
Iqbal Abdulla,82.0,920.0,Bowler
Ishan Kishan,2501.0,1.0,Batter
J Arunkumar,23.0,0.0,Insufficient data
J Botha,358.0,694.0,All-rounder
J Fraser-McGurk,191.0,0.0,Batter
J Overton,92.0,204.0,All-rounder
J Suchith,61.0,420.0,Bowler
J Syed Mohammad,26.0,192.0,Bowler
J Theron,12.0,221.0,Bowler
J Yadav,36.0,390.0,Bowler
JA Morkel,683.0,1723.0,Bowler
JA Richardson,26.0,90.0,Insufficient data
JC Archer,220.0,1581.0,Bowler
JC Buttler,3094.0,0.0,Batter
JD Ryder,455.0,236.0,All-rounder
JD Unadkat,169.0,2351.0,Bowler
JDP Oram,107.0,237.0,All-rounder
JDS Neesham,93.0,216.0,All-rounder
JE Root,15.0,12.0,Insufficient data
JE Taylor,3.0,117.0,Insufficient data
JEC Franklin,300.0,151.0,All-rounder
JG Bethell,116.0,0.0,Insufficient data
JH Kallis,2213.0,1742.0,All-rounder
JJ Bumrah,85.0,3653.0,Bowler
JJ Roy,441.0,0.0,Batter
JJ van der Wath,16.0,72.0,Insufficient data
JL Denly,1.0,0.0,Insufficient data
JL Pattinson,13.0,213.0,Bowler
JM Bairstow,1142.0,0.0,Batter
JM Kemp,24.0,44.0,Insufficient data
JM Sharma,723.0,0.0,Batter
JO Holder,261.0,1225.0,Bowler
JP Behrendorff,9.0,366.0,Bowler
JP Duminy,1631.0,678.0,Batter
JP Faulkner,385.0,1238.0,Bowler
JP Inglis,313.0,0.0,Batter
JPR Scantlebury-Searles,6.0,42.0,Insufficient data
JR Hazlewood,30.0,1176.0,Bowler
JR Hopes,305.0,360.0,All-rounder
JR Philippe,77.0,0.0,Insufficient data
Jaskaran Singh,11.0,102.0,Insufficient data
Joginder Sharma,30.0,256.0,Bowler
K Goel,231.0,66.0,Batter
K Gowtham,148.0,588.0,Bowler
K Kartikeya,17.0,282.0,Bowler
K Rabada,238.0,2301.0,Bowler
K Upadhyay,9.0,54.0,Insufficient data
K Yadav,4.0,54.0,Insufficient data
KA Jamieson,73.0,300.0,Bowler
KA Maharaj,2.0,36.0,Insufficient data
KA Pollard,2315.0,1488.0,All-rounder
KAJ Roach,9.0,48.0,Insufficient data
KB Arun Karthik,51.0,0.0,Insufficient data
KC Cariappa,21.0,216.0,Bowler
KC Sangakkara,1385.0,0.0,Batter
KD Karthik,3570.0,0.0,Batter
KH Pandya,1477.0,2701.0,All-rounder
KJ Abbott,8.0,96.0,Insufficient data
KK Ahmed,9.0,1657.0,Bowler
KK Cooper,67.0,576.0,Bowler
KK Nair,1302.0,0.0,Batter
KL Nagarkoti,33.0,180.0,Bowler
KL Rahul,4176.0,0.0,Batter
KM Asif,2.0,134.0,Insufficient data
KM Jadhav,969.0,0.0,Batter
KMA Paul,24.0,163.0,Bowler
KMDN Kulasekara,3.0,102.0,Insufficient data
KP Appanna,4.0,216.0,Bowler
KP Pietersen,742.0,174.0,Batter
KR Mayers,258.0,42.0,Batter
KR Sen,3.0,241.0,Bowler
KS Bharat,161.0,0.0,Batter
KS Rathore,5.0,0.0,Insufficient data
KS Sharma,25.0,0.0,Insufficient data
KS Williamson,1692.0,18.0,Batter
KT Maphaka,2.0,66.0,Insufficient data
KV Sharma,295.0,1585.0,Bowler
KW Richardson,39.0,335.0,Bowler
Kamran Akmal,77.0,0.0,Insufficient data
Kamran Khan,5.0,166.0,Bowler
Karanveer Singh,17.0,204.0,Bowler
Kartik Sharma,216.0,0.0,Batter
Kartik Tyagi,26.0,728.0,Bowler
Krish Bhagat,21.0,36.0,Insufficient data
Kuldeep Yadav,253.0,2286.0,Bowler
Kumar Kushagra,21.0,0.0,Insufficient data
L Ablish,2.0,42.0,Insufficient data
L Balaji,49.0,1512.0,Bowler
L Ngidi,8.0,620.0,Bowler
L Ronchi,34.0,0.0,Insufficient data
L Wood,3.0,36.0,Insufficient data
LA Carseldine,66.0,6.0,Insufficient data
LA Pomersbach,243.0,0.0,Batter
LB Williams,2.0,37.0,Insufficient data
LE Plunkett,3.0,150.0,Bowler
LG Pretorius,8.0,0.0,Insufficient data
LH Ferguson,46.0,1092.0,Bowler
LJ Wright,59.0,71.0,Insufficient data
LMP Simmons,848.0,18.0,Batter
LPC Silva,26.0,6.0,Insufficient data
LR Shukla,350.0,314.0,All-rounder
LRPL Taylor,818.0,12.0,Batter
LS Livingstone,680.0,312.0,All-rounder
Lalit Yadav,285.0,288.0,All-rounder
Liton Das,4.0,0.0,Insufficient data
M Ashwin,50.0,870.0,Bowler
M Jansen,174.0,1019.0,Bowler
M Kaif,249.0,0.0,Batter
M Kartik,107.0,1149.0,Bowler
M Klinger,75.0,0.0,Insufficient data
M Manhas,470.0,42.0,Batter
M Markande,42.0,750.0,Bowler
M Morkel,89.0,1629.0,Bowler
M Muralitharan,29.0,1528.0,Bowler
M Ntini,18.0,210.0,Bowler
M Prasidh Krishna,31.0,1740.0,Bowler
M Rawat,69.0,0.0,Insufficient data
M Shahrukh Khan,524.0,18.0,Batter
M Theekshana,34.0,876.0,Bowler
M Tiwari,12.0,66.0,Insufficient data
M Vijay,2148.0,36.0,Batter
M Vohra,828.0,0.0,Batter
M de Lange,2.0,108.0,Insufficient data
MA Agarwal,2054.0,0.0,Batter
MA Khote,22.0,30.0,Insufficient data
MA Starc,121.0,1196.0,Bowler
MA Wood,8.0,120.0,Insufficient data
MC Henriques,785.0,950.0,All-rounder
MC Juneja,128.0,0.0,Insufficient data
MD Choudhary,120.0,0.0,Insufficient data
MD Mishra,206.0,0.0,Batter
MD Shanaka,72.0,36.0,Insufficient data
MDKJ Perera,13.0,0.0,Insufficient data
MEK Hussey,1610.0,0.0,Batter
MF Maharoof,123.0,420.0,Bowler
MG Bracewell,47.0,66.0,Insufficient data
MG Johnson,163.0,1235.0,Bowler
MJ Clarke,94.0,66.0,All-rounder
MJ Guptill,196.0,0.0,Batter
MJ Henry,10.0,162.0,Bowler
MJ Lumb,191.0,0.0,Batter
MJ McClenaghan,69.0,1274.0,Bowler
MJ Owen,2.0,0.0,Insufficient data
MJ Santner,122.0,687.0,Bowler
MJ Suthar,2.0,48.0,Insufficient data
MK Lomror,372.0,90.0,Batter
MK Pandey,3288.0,0.0,Batter
MK Tiwary,1444.0,42.0,Batter
ML Hayden,799.0,0.0,Batter
MM Ali,832.0,854.0,All-rounder
MM Patel,41.0,1355.0,Bowler
MM Sharma,136.0,2403.0,Bowler
MN Samuels,172.0,214.0,All-rounder
MN van Wyk,131.0,0.0,Insufficient data
MP Breetzke,12.0,0.0,Insufficient data
MP Stoinis,1512.0,935.0,All-rounder
MP Yadav,5.0,217.0,Bowler
MR Marsh,1245.0,560.0,All-rounder
MS Bhandage,4.0,0.0,Insufficient data
MS Bisla,700.0,0.0,Batter
MS Dhoni,3935.0,0.0,Batter
MS Gony,70.0,888.0,Bowler
MS Wade,177.0,0.0,Batter
MV Boucher,307.0,0.0,Batter
MW Short,142.0,43.0,Batter
Mandeep Singh,1385.0,12.0,Batter
Mashrafe Mortaza,2.0,24.0,Insufficient data
Mayank Dagar,1.0,137.0,Insufficient data
Misbah-ul-Haq,81.0,0.0,Insufficient data
Mohammad Ashraful,10.0,0.0,Insufficient data
Mohammad Asif,6.0,192.0,Bowler
Mohammad Hafeez,83.0,60.0,Insufficient data
Mohammad Nabi,151.0,417.0,Bowler
Mohammed Shami,111.0,2921.0,Bowler
Mohammed Siraj,137.0,2672.0,Bowler
Mohit Rathee,2.0,12.0,Insufficient data
Mohsin Khan,28.0,654.0,Bowler
Mujeeb Ur Rahman,15.0,446.0,Bowler
Mukesh Choudhary,8.0,483.0,Bowler
Mukesh Kumar,18.0,824.0,Bowler
Musheer Khan,3.0,12.0,Insufficient data
Mustafizur Rahman,24.0,1365.0,Bowler
N Burger,9.0,363.0,Bowler
N Jagadeesan,147.0,0.0,Insufficient data
N Pooran,1538.0,0.0,Batter
N Rana,2229.0,216.0,Batter
N Saini,140.0,0.0,Insufficient data
N Sindhu,50.0,0.0,Insufficient data
N Wadhera,558.0,17.0,Batter
ND Doshi,13.0,56.0,Insufficient data
NJ Maddinson,21.0,0.0,Insufficient data
NJ Rimmington,1.0,18.0,Insufficient data
NK Patel,119.0,0.0,Insufficient data
NL McCullum,22.0,30.0,Insufficient data
NLTC Perera,306.0,698.0,All-rounder
NM Coulter-Nile,72.0,857.0,Bowler
NS Naik,50.0,0.0,Insufficient data
NT Ellis,25.0,378.0,Bowler
NV Ojha,1308.0,0.0,Batter
Naman Dhir,432.0,52.0,Batter
Navdeep Saini,37.0,670.0,Bowler
Naveen-ul-Haq,24.0,388.0,Bowler
Nithish Kumar Reddy,540.0,325.0,All-rounder
Noor Ahmad,58.0,1098.0,Bowler
OA Shah,388.0,0.0,Batter
OC McCoy,5.0,162.0,Bowler
OF Smith,44.0,90.0,Insufficient data
P Awana,14.0,747.0,Bowler
P Chopra,6.0,0.0,Insufficient data
P Dogra,138.0,0.0,Insufficient data
P Dubey,33.0,78.0,Insufficient data
P Kumar,312.0,2524.0,Bowler
P Negi,288.0,716.0,Bowler
P Nissanka,173.0,0.0,Batter
P Parameswaran,2.0,154.0,Bowler
P Ray Barman,24.0,24.0,Insufficient data
P Sahu,13.0,105.0,Insufficient data
P Simran Singh,1184.0,0.0,Batter
PA Patel,2350.0,0.0,Batter
PA Reddy,160.0,0.0,Batter
PBB Rajapaksa,190.0,0.0,Batter
PC Valthaty,414.0,151.0,Batter
PD Collingwood,156.0,89.0,All-rounder
PD Salt,715.0,0.0,Batter
PHKD Mendis,68.0,42.0,Insufficient data
PJ Cummins,419.0,1809.0,Bowler
PJ Sangwan,44.0,856.0,Bowler
PK Garg,238.0,0.0,Batter
PM Sarvesh Kumar,2.0,30.0,Insufficient data
PN Mankad,72.0,0.0,Insufficient data
PP Chawla,561.0,3850.0,Bowler
PP Hinge,9.0,156.0,Bowler
PP Ojha,44.0,1899.0,Bowler
PP Shaw,1280.0,0.0,Batter
PR Shah,90.0,0.0,Insufficient data
PR Veer,67.0,12.0,Insufficient data
PSP Handscomb,12.0,0.0,Insufficient data
PV Tambe,38.0,660.0,Bowler
PVD Chameera,45.0,396.0,Bowler
PVSN Raju,1.0,24.0,Insufficient data
PWA Mulder,11.0,6.0,Insufficient data
PWH de Silva,88.0,798.0,Bowler
Pankaj Singh,12.0,300.0,Bowler
Parvez Rasool,20.0,198.0,Bowler
Prince Yadav,11.0,450.0,Bowler
Priyansh Arya,469.0,0.0,Batter
Q de Kock,2546.0,0.0,Batter
R Ashwin,704.0,4710.0,Bowler
R Bhatia,284.0,1636.0,Bowler
R Bishnoi,17.0,0.0,Insufficient data
R Dhawan,187.0,662.0,Bowler
R Dravid,1878.0,0.0,Batter
R McLaren,171.0,354.0,All-rounder
R Minz,19.0,0.0,Insufficient data
R Ninan,5.0,36.0,Insufficient data
R Parag,1296.0,319.0,Batter
R Powell,389.0,18.0,Batter
R Rampaul,49.0,268.0,Bowler
R Ravindra,284.0,12.0,Batter
R Sai Kishore,16.0,465.0,Bowler
R Sanjay Yadav,2.0,12.0,Insufficient data
R Sathish,230.0,139.0,All-rounder
R Sharma,75.0,928.0,Bowler
R Shepherd,150.0,360.0,Bowler
R Shukla,23.0,120.0,Insufficient data
R Smaran,25.0,0.0,Insufficient data
R Tewatia,938.0,843.0,All-rounder
R Vinay Kumar,274.0,2127.0,Bowler
RA Bawa,32.0,24.0,Insufficient data
RA Jadeja,2685.0,4254.0,All-rounder
RA Tripathi,1655.0,6.0,Batter
RD Chahar,124.0,1694.0,Bowler
RD Gaikwad,2083.0,0.0,Batter
RD Rickelton,495.0,0.0,Batter
RE Levi,73.0,0.0,Insufficient data
RE van der Merwe,141.0,443.0,Bowler
RG More,2.0,35.0,Insufficient data
RG Sharma,5497.0,339.0,Batter
RJ Gleeson,2.0,68.0,Insufficient data
RJ Harris,111.0,832.0,Bowler
RJ Peterson,30.0,48.0,Insufficient data
RJ Quiney,102.0,0.0,Insufficient data
RJW Topley,6.0,120.0,Insufficient data
RK Bhui,26.0,0.0,Insufficient data
RK Singh,948.0,0.0,Batter
RM Patidar,978.0,0.0,Batter
RN ten Doeschate,235.0,78.0,Batter
RP Meredith,3.0,388.0,Bowler
RP Singh,76.0,1775.0,Bowler
RR Bhatkal,2.0,12.0,Insufficient data
RR Pant,2635.0,0.0,Batter
RR Powar,64.0,426.0,Bowler
RR Raje,18.0,139.0,Bowler
RR Rossouw,306.0,0.0,Batter
RR Sarwan,75.0,0.0,Insufficient data
RS Bopara,453.0,206.0,All-rounder
RS Gavaskar,8.0,6.0,Insufficient data
RS Sodhi,2.0,0.0,Insufficient data
RT Ponting,128.0,0.0,Insufficient data
RV Gomez,51.0,96.0,Insufficient data
RV Patel,73.0,18.0,Insufficient data
RV Uthappa,3784.0,0.0,Batter
Rahmanullah Gurbaz,268.0,0.0,Batter
Ramandeep Singh,203.0,56.0,Batter
Rashid Khan,400.0,3543.0,Bowler
Rasikh Salam,42.0,488.0,Bowler
Ravi Bishnoi,69.0,1789.0,Bowler
Ravi Singh,2.0,0.0,Insufficient data
S Anirudha,112.0,0.0,Insufficient data
S Aravind,57.0,760.0,Bowler
S Arora,77.0,0.0,Insufficient data
S Badree,23.0,258.0,Bowler
S Badrinath,1208.0,0.0,Batter
S Chanderpaul,31.0,0.0,Insufficient data
S Dhawan,5304.0,48.0,Batter
S Dube,1460.0,154.0,Batter
S Gopal,169.0,991.0,Bowler
S Kaul,36.0,1209.0,Bowler
S Kaushik,1.0,204.0,Bowler
S Ladda,9.0,138.0,Insufficient data
S Lamichhane,1.0,210.0,Bowler
S Nadeem,87.0,1415.0,Bowler
S Narwal,27.0,106.0,Insufficient data
S Rana,79.0,16.0,Insufficient data
S Randiv,4.0,174.0,Bowler
S Sohal,289.0,0.0,Batter
S Sreesanth,55.0,880.0,Bowler
S Sriram,36.0,18.0,Insufficient data
S Tyagi,4.0,209.0,Bowler
S Vidyut,109.0,12.0,Insufficient data
SA Abbott,18.0,54.0,Insufficient data
SA Asnodkar,337.0,0.0,Batter
SA Yadav,3072.0,6.0,Batter
SB Bangar,58.0,150.0,Bowler
SB Dubey,142.0,0.0,Insufficient data
SB Jakati,29.0,1085.0,Bowler
SB Joshi,14.0,55.0,Insufficient data
SB Styris,132.0,216.0,All-rounder
SB Wagh,3.0,102.0,Insufficient data
SC Ganguly,1257.0,276.0,Batter
SD Chitnis,88.0,36.0,Insufficient data
SD Hope,122.0,0.0,Insufficient data
SD Lad,13.0,0.0,Insufficient data
SE Bond,2.0,186.0,Bowler
SE Marsh,1866.0,0.0,Batter
SE Rutherford,362.0,41.0,Batter
SH Johnson,12.0,230.0,Bowler
SJ Srivastava,5.0,282.0,Bowler
SK Raina,4025.0,908.0,Batter
SK Rasheed,63.0,0.0,Insufficient data
SK Trivedi,58.0,1506.0,Bowler
SK Warne,213.0,1194.0,Bowler
SL Malinga,99.0,2828.0,Bowler
SM Curran,725.0,1253.0,All-rounder
SM Harwood,13.0,60.0,Insufficient data
SM Katich,185.0,0.0,Batter
SM Pollock,111.0,276.0,Bowler
SMSM Senanayake,16.0,192.0,Bowler
SN Khan,538.0,2.0,Batter
SN Thakur,262.0,2202.0,Bowler
SO Hetmyer,1044.0,0.0,Batter
SP Fleming,162.0,0.0,Batter
SP Goswami,293.0,0.0,Batter
SP Jackson,57.0,0.0,Insufficient data
SP Narine,1100.0,4660.0,Bowler
SPD Smith,1931.0,2.0,Batter
SR Dubey,2.0,77.0,Insufficient data
SR Tendulkar,1941.0,36.0,Batter
SR Watson,2801.0,2029.0,All-rounder
SS Cottrell,2.0,120.0,Insufficient data
SS Iyer,3085.0,6.0,Batter
SS Mishra,3.0,38.0,Insufficient data
SS Prabhudessai,105.0,0.0,Insufficient data
SS Shaikh,7.0,0.0,Insufficient data
SS Tiwary,1235.0,0.0,Batter
ST Jayasuriya,529.0,294.0,All-rounder
STR Binny,682.0,594.0,All-rounder
SU Parakh,33.0,0.0,Insufficient data
SV Samson,3653.0,0.0,Batter
SW Billings,385.0,0.0,Batter
SW Tait,26.0,473.0,Bowler
SZ Mulani,1.0,30.0,Insufficient data
Sachin Baby,115.0,10.0,Insufficient data
Sakib Hussain,7.0,252.0,Bowler
Salil Arora,21.0,0.0,Insufficient data
Salman Butt,160.0,0.0,Batter
Sameer Rizvi,293.0,0.0,Batter
Sandeep Sharma,74.0,3163.0,Bowler
Sanvir Singh,21.0,0.0,Insufficient data
Saurav Chauhan,15.0,0.0,Insufficient data
Sediqullah Atal,16.0,0.0,Insufficient data
Shahbaz Ahmed,487.0,655.0,All-rounder
Shahid Afridi,46.0,180.0,Bowler
Shakib Al Hasan,635.0,1484.0,Bowler
Shashank Singh,560.0,90.0,Batter
Shivam Mavi,56.0,649.0,Bowler
Shivam Sharma,3.0,114.0,Insufficient data
Shivam Singh,3.0,0.0,Insufficient data
Shivang Kumar,45.0,234.0,Bowler
Shoaib Ahmed,6.0,102.0,Insufficient data
Shoaib Akhtar,7.0,42.0,Insufficient data
Shoaib Malik,46.0,51.0,Insufficient data
Shubman Gill,3223.0,0.0,Batter
Sikandar Raza,136.0,85.0,All-rounder
Simarjeet Singh,15.0,240.0,Bowler
Sohail Tanvir,28.0,247.0,Bowler
Sumit Kumar,24.0,20.0,Insufficient data
Sunny Gupta,1.0,18.0,Insufficient data
Sunny Singh,31.0,0.0,Insufficient data
Suryansh Shedge,101.0,18.0,Insufficient data
Swapnil Singh,45.0,162.0,Bowler
T Banton,20.0,0.0,Insufficient data
T Dahiya,15.0,0.0,Insufficient data
T Henderson,15.0,36.0,Insufficient data
T Kohler-Cadmore,54.0,0.0,Insufficient data
T Kohli,19.0,0.0,Insufficient data
T Natarajan,7.0,1553.0,Bowler
T Shamsi,4.0,120.0,Insufficient data
T Stubbs,648.0,36.0,Batter
T Taibu,26.0,0.0,Insufficient data
T Thushara,18.0,135.0,Bowler
TA Boult,85.0,2784.0,Bowler
TD Paine,26.0,0.0,Insufficient data
TG Southee,106.0,1206.0,Bowler
TH David,643.0,6.0,Batter
TK Curran,107.0,238.0,All-rounder
TL Seifert,41.0,0.0,Insufficient data
TL Suman,573.0,150.0,Batter
TM Dilshan,1001.0,271.0,Batter
TM Head,907.0,64.0,Batter
TM Srivastava,11.0,0.0,Insufficient data
TR Birt,57.0,0.0,Insufficient data
TS Mills,14.0,209.0,Bowler
TU Deshpande,36.0,1104.0,Bowler
Tanush Kotian,31.0,0.0,Insufficient data
Tilak Varma,1278.0,22.0,Batter
U Kaul,1.0,0.0,Insufficient data
UA Birla,14.0,0.0,Insufficient data
UBT Chand,299.0,0.0,Batter
UT Khawaja,99.0,0.0,Insufficient data
UT Yadav,201.0,3057.0,Bowler
Umar Gul,19.0,135.0,Bowler
Umran Malik,15.0,494.0,Bowler
Urvil Patel,96.0,0.0,Insufficient data
V Kohli,6911.0,251.0,Batter
V Nigam,88.0,288.0,Bowler
V Pratap Singh,1.0,204.0,Bowler
V Sehwag,1740.0,136.0,Batter
V Shankar,947.0,238.0,Batter
V Suryavanshi,447.0,0.0,Batter
V Viyaskanth,5.0,60.0,Insufficient data
VG Arora,27.0,867.0,Bowler
VH Zol,26.0,0.0,Insufficient data
VR Aaron,71.0,994.0,Bowler
VR Iyer,1180.0,81.0,Batter
VRV Singh,3.0,360.0,Bowler
VS Malik,7.0,205.0,Bowler
VS Yeligati,2.0,30.0,Insufficient data
VVS Laxman,266.0,0.0,Batter
VY Mahesh,27.0,339.0,Bowler
Vijaykumar Vyshak,16.0,519.0,Bowler
Virat Singh,26.0,0.0,Insufficient data
Vishnu Vinod,64.0,0.0,Insufficient data
Vivrant Sharma,47.0,18.0,Insufficient data
W Jaffer,121.0,0.0,Insufficient data
WA Mota,75.0,72.0,Insufficient data
WD Parnell,80.0,723.0,Bowler
WG Jacks,377.0,191.0,All-rounder
WP Saha,2296.0,0.0,Batter
WPUJC Vaas,72.0,282.0,Bowler
Washington Sundar,653.0,1174.0,All-rounder
X Thalaivan Sargunam,17.0,0.0,Insufficient data
XC Bartlett,28.0,261.0,Bowler
Y Gnaneswara Rao,17.0,6.0,Insufficient data
Y Nagar,259.0,66.0,Batter
Y Prithvi Raj,1.0,30.0,Insufficient data
Y Venugopal Rao,832.0,216.0,Batter
YA Abdulla,1.0,209.0,Bowler
YBK Jaiswal,1692.0,1.0,Batter
YK Pathan,2233.0,1147.0,All-rounder
YS Chahal,86.0,4037.0,Bowler
YV Dhull,23.0,0.0,Insufficient data
YV Takawale,177.0,0.0,Batter
Yash Dayal,9.0,872.0,Bowler
Yashpal Singh,65.0,0.0,Insufficient data
Younis Khan,7.0,0.0,Insufficient data
Yudhvir Singh,16.0,139.0,Bowler
Yuvraj Singh,2115.0,869.0,Batter
Z Khan,140.0,2200.0,Bowler
A Nel,0.0,18.0,Insufficient data
AA Kazi,0.0,12.0,Insufficient data
AM Salvi,0.0,150.0,Bowler
Abhinandan Singh,0.0,58.0,Insufficient data
Akash Singh,0.0,247.0,Bowler
Anand Rajan,0.0,149.0,Insufficient data
B Geeves,0.0,48.0,Insufficient data
B Muzarabani,0.0,42.0,Insufficient data
BJ Dwarshuis,0.0,24.0,Insufficient data
BW Hilfenhaus,0.0,372.0,Bowler
C Ganapathy,0.0,6.0,Insufficient data
CJ Dala,0.0,18.0,Insufficient data
CJ Green,0.0,17.0,Insufficient data
D Jansen,0.0,24.0,Insufficient data
D Madushanka,0.0,24.0,Insufficient data
GS Sandhu,0.0,48.0,Insufficient data
Gagandeep Singh,0.0,84.0,Insufficient data
Gurjapneet Singh,0.0,151.0,Bowler
Gurnoor Brar,0.0,18.0,Insufficient data
H Sharma,0.0,30.0,Insufficient data
IC Porel,0.0,24.0,Insufficient data
J Little,0.0,228.0,Bowler
JA Duffy,0.0,144.0,Insufficient data
JW Hastings,0.0,58.0,Insufficient data
Jalaj S Saxena,0.0,18.0,Insufficient data
K Khejroliya,0.0,151.0,Bowler
K Santokie,0.0,48.0,Insufficient data
Karim Janat,0.0,6.0,Insufficient data
LI Meriwala,0.0,18.0,Insufficient data
M Pathirana,0.0,710.0,Bowler
M Siddharth,0.0,187.0,Bowler
MB Parmar,0.0,18.0,Insufficient data
MG Neser,0.0,24.0,Insufficient data
Monu Kumar,0.0,12.0,Insufficient data
N Thushara,0.0,180.0,Bowler
NA Saini,0.0,12.0,Insufficient data
NB Singh,0.0,24.0,Insufficient data
O Thomas,0.0,60.0,Insufficient data
P Amarnath,0.0,132.0,Insufficient data
P Prasanth,0.0,6.0,Insufficient data
P Suyal,0.0,96.0,Insufficient data
PH Solanki,0.0,36.0,Insufficient data
R Goyal,0.0,24.0,Insufficient data
RA Shaikh,0.0,6.0,Insufficient data
RR Bose,0.0,12.0,Insufficient data
RS Ghosh,0.0,18.0,Insufficient data
RS Hangargekar,0.0,36.0,Insufficient data
RW Price,0.0,18.0,Insufficient data
Raghu Sharma,0.0,90.0,Insufficient data
S Joseph,0.0,24.0,Insufficient data
S Midhun,0.0,12.0,Insufficient data
S Sandeep Warrier,0.0,168.0,Bowler
SC Kuggeleijn,0.0,48.0,Insufficient data
SM Boland,0.0,42.0,Insufficient data
SS Agarwal,0.0,24.0,Insufficient data
SS Mundhe,0.0,6.0,Insufficient data
SS Sarkar,0.0,25.0,Insufficient data
SSB Magala,0.0,36.0,Insufficient data
Suyash Sharma,0.0,803.0,Bowler
T Vijay,0.0,12.0,Insufficient data
TP Sudhindra,0.0,70.0,Insufficient data
Tejas Baroka,0.0,21.0,Insufficient data
V Kaverappa,0.0,24.0,Insufficient data
V Puthur,0.0,72.0,Insufficient data
W O'Rourke,0.0,62.0,Insufficient data
Yash Raj Punja,0.0,180.0,Bowler
Yash Thakur,0.0,467.0,Bowler
Zeeshan Ansari,0.0,203.0,Bowler
