Player,debut_season,latest_season,missed_count,missed_seasons
A Ashish Reddy,2012,2016,1,2014
A Badoni,2022,2026,0,
A Chandila,2012,2013,0,
A Chopra,2008,2009,0,
A Choudhary,2017,2017,0,
A Dananjaya,2018,2018,0,
A Flintoff,2009,2009,0,
A Kamboj,2024,2026,0,
A Kumble,2008,2010,0,
A Manohar,2022,2025,0,
A Mhatre,2025,2026,0,
A Mishra,2008,2024,1,2022
A Mithun,2009,2013,0,
A Mukund,2008,2013,4,"2009,2010,2011,2012"
A Nehra,2008,2017,1,2011
A Nel,2008,2008,0,
A Nortje,2020,2026,0,
A Raghuvanshi,2024,2026,0,
A Singh,2009,2012,1,2010
A Symonds,2008,2011,0,
A Tomar,2022,2022,0,
A Uniyal,2010,2010,0,
A Zampa,2016,2025,5,"2018,2019,2021,2022,2024"
AA Bilakhia,2009,2010,0,
AA Chavan,2011,2013,0,
AA Jhunjhunwala,2010,2012,0,
AA Kazi,2011,2011,0,
AA Kulkarni,2024,2026,1,2025
AA Noffke,2008,2008,0,
AB Agarkar,2008,2013,0,
AB Barath,2010,2010,0,
AB Dinda,2008,2017,0,
AB McDonald,2009,2013,0,
AB de Villiers,2008,2021,0,
AC Blizzard,2011,2012,0,
AC Gilchrist,2008,2013,0,
AC Thomas,2011,2012,0,
AC Voges,2010,2010,0,
AD Hales,2018,2018,0,
AD Mascarenhas,2008,2013,1,2011
AD Mathews,2009,2017,3,"2011,2014,2016"
AD Nath,2016,2019,0,
AD Russell,2012,2025,1,2017
AF Milne,2016,2026,6,"2018,2019,2020,2023,2024,2025"
AG Murtaza,2010,2013,0,
AG Paunikar,2010,2011,0,
AJ Finch,2010,2022,2,"2019,2021"
AJ Hosein,2023,2026,2,"2024,2025"
AJ Turner,2019,2024,4,"2020,2021,2022,2023"
AJ Tye,2017,2022,1,2021
AK Markram,2021,2026,0,
AL Menaria,2011,2013,0,
AM Ghazanfar,2026,2026,0,
AM Nayar,2008,2014,0,
AM Rahane,2008,2026,1,2010
AM Salvi,2009,2011,1,2010
AN Ahmed,2010,2015,0,
AN Ghosh,2009,2009,0,
AP Dole,2010,2010,0,
AP Majumdar,2012,2012,0,
AP Tare,2010,2017,2,"2011,2012"
AR Bawne,2017,2017,0,
AR Patel,2014,2026,0,
AS Joseph,2019,2024,2,"2020,2021"
AS Rajpoot,2013,2020,2,"2014,2015"
AS Raut,2009,2011,0,
AS Roy,2019,2026,2,"2020,2021"
AS Yadav,2008,2008,0,
AT Carey,2020,2020,0,
AT Rayudu,2010,2023,0,
AU Rashid,2021,2023,1,2022
AUK Pathan,2011,2012,0,
Abdul Basith,2023,2023,0,
Abdul Samad,2020,2026,0,
Abdur Razzak,2008,2008,0,
Abhinandan Singh,2026,2026,0,
Abhishek Sharma,2018,2026,0,
Abishek Porel,2023,2026,0,
Akash Deep,2022,2025,0,
Akash Madhwal,2023,2025,0,
Akash Singh,2021,2026,2,"2022,2024"
Akshat Raghuwanshi,2026,2026,0,
Aman Hakim Khan,2022,2023,0,
Anand Rajan,2011,2013,0,
Aniket Verma,2025,2026,0,
Anirudh Singh,2010,2010,0,
Ankit Sharma,2012,2018,0,
Ankit Soni,2017,2017,0,
Anmolpreet Singh,2021,2024,0,
Anuj Rawat,2021,2024,0,
Anureet Singh,2009,2018,5,"2010,2011,2012,2013,2014"
Arjun Tendulkar,2023,2026,1,2025
Arshad Khan,2023,2026,0,
Arshad Khan (2),2024,2024,0,
Arshdeep Singh,2019,2026,0,
Ashok Sharma,2026,2026,0,
Ashutosh Sharma,2024,2026,0,
Ashwani Kumar,2025,2026,0,
Atharva Taide,2023,2025,0,
Auqib Nabi,2026,2026,0,
Avesh Khan,2017,2026,0,
Azhar Mahmood,2012,2015,1,2014
Azmatullah Omarzai,2024,2026,0,
B Akhil,2008,2011,0,
B Chipli,2008,2013,2,"2009,2010"
B Geeves,2008,2008,0,
B Indrajith,2022,2022,0,
B Kumar,2011,2026,0,
B Laughlin,2013,2018,4,"2014,2015,2016,2017"
B Lee,2008,2013,0,
B Muzarabani,2026,2026,0,
B Sai Sudharsan,2022,2026,0,
B Stanlake,2017,2018,0,
B Sumanth,2010,2010,0,
BA Bhatt,2011,2013,0,
BA Stokes,2017,2023,1,2022
BAW Mendis,2008,2013,2,"2011,2012"
BB McCullum,2008,2018,0,
BB Samantray,2012,2013,0,
BB Sran,2015,2019,0,
BCJ Cutting,2014,2019,1,2015
BE Hendricks,2014,2015,0,
BJ Dwarshuis,2026,2026,0,
BJ Haddin,2011,2011,0,
BJ Hodge,2008,2014,0,
BJ Rohrer,2013,2013,0,
BKG Mendis,2025,2025,0,
BMAJ Mendis,2013,2013,0,
BR Dunk,2014,2014,0,
BR Sharath,2024,2024,0,
BW Hilfenhaus,2012,2014,1,2013
Basil Thampi,2017,2022,1,2021
Bipul Sharma,2010,2017,1,2014
Brijesh Sharma,2026,2026,0,
C Bosch,2025,2026,0,
C Connolly,2026,2026,0,
C Ganapathy,2010,2010,0,
C Green,2023,2026,1,2025
C Madan,2010,2010,0,
C Munro,2016,2019,1,2017
C Nanda,2009,2009,0,
C Sakariya,2021,2025,1,2024
C de Grandhomme,2017,2019,0,
CA Ingram,2011,2019,7,"2012,2013,2014,2015,2016,2017,2018"
CA Lynn,2012,2021,3,"2013,2015,2020"
CA Pujara,2010,2014,0,
CH Gayle,2009,2021,0,
CH Morris,2013,2021,1,2014
CJ Anderson,2014,2018,1,2016
CJ Dala,2018,2018,0,
CJ Ferguson,2011,2012,0,
CJ Green,2020,2020,0,
CJ Jordan,2016,2023,1,2019
CJ McKay,2012,2012,0,
CK Kapugedera,2008,2008,0,
CK Langeveldt,2009,2011,0,
CL White,2008,2013,1,2009
CM Gautam,2013,2015,0,
CR Brathwaite,2016,2019,0,
CR Woakes,2017,2021,2,"2019,2020"
CRD Fernando,2008,2010,1,2009
CV Varun,2019,2026,0,
D Brevis,2022,2026,1,2023
D Ferreira,2024,2026,0,
D Jansen,2023,2023,0,
D Kalyankrishna,2008,2008,0,
D Madushanka,2026,2026,0,
D Padikkal,2020,2026,0,
D Pretorius,2022,2023,0,
D Salunkhe,2008,2008,0,
D Wiese,2015,2023,6,"2017,2018,2019,2020,2021,2022"
D du Preez,2009,2009,0,
DA Miller,2012,2026,1,2020
DA Payne,2026,2026,0,
DA Warner,2009,2024,1,2018
DAJ Bracewell,2012,2012,0,
DB Das,2008,2013,3,"2009,2010,2011"
DB Ravi Teja,2008,2013,1,2010
DE Bollinger,2010,2012,0,
DG Nalkande,2022,2024,0,
DH Yagnik,2011,2014,0,
DJ Bravo,2008,2022,1,2017
DJ Harris,2012,2012,0,
DJ Hooda,2015,2025,0,
DJ Hussey,2008,2014,0,
DJ Jacobs,2011,2012,0,
DJ Malan,2021,2021,0,
DJ Mitchell,2022,2024,1,2023
DJ Muthuswami,2015,2015,0,
DJ Thornely,2008,2008,0,
DJ Willey,2018,2023,3,"2019,2020,2021"
DJG Sammy,2013,2015,0,
DJM Short,2018,2018,0,
DL Chahar,2016,2026,1,2022
DL Vettori,2008,2012,0,
DM Bravo,2017,2017,0,
DNT Zoysa,2008,2008,0,
DP Conway,2022,2025,1,2024
DP Nannes,2009,2013,1,2012
DP Vijaykumar,2008,2008,0,
DPMD Jayawardene,2008,2013,0,
DR Martyn,2010,2010,0,
DR Sams,2020,2022,0,
DR Shorey,2018,2019,0,
DR Smith,2008,2017,1,2011
DS Kulkarni,2008,2021,0,
DS Lehmann,2008,2008,0,
DS Rathi,2025,2026,0,
DT Christian,2011,2021,5,"2014,2015,2016,2019,2020"
DT Patil,2008,2008,0,
DV Malewar,2026,2026,0,
DW Steyn,2008,2020,2,"2017,2018"
Dhruv Jurel,2023,2026,0,
E Lewis,2018,2022,1,2020
E Malinga,2025,2026,0,
EJG Morgan,2010,2021,4,"2012,2014,2018,2019"
ER Dwivedi,2016,2016,0,
F Behardien,2016,2016,0,
F du Plessis,2012,2025,1,2013
FA Allen,2021,2022,0,
FH Allen,2026,2026,0,
FH Edwards,2009,2009,0,
FY Fazal,2010,2011,0,
Fazalhaq Farooqi,2022,2025,1,2024
G Coetzee,2024,2025,0,
G Gambhir,2008,2018,0,
GB Hogg,2012,2016,1,2014
GC Smith,2008,2011,0,
GC Viljoen,2019,2019,0,
GD McGrath,2008,2008,0,
GD Phillips,2021,2026,3,"2022,2024,2025"
GF Linde,2026,2026,0,
GH Vihari,2013,2019,4,"2014,2016,2017,2018"
GHS Garton,2021,2021,0,
GJ Bailey,2009,2016,3,"2011,2012,2013"
GJ Maxwell,2012,2025,1,2019
GR Napier,2009,2009,0,
GS Sandhu,2015,2015,0,
Gagandeep Singh,2008,2008,0,
Gulbadin Naib,2024,2024,0,
Gurjapneet Singh,2026,2026,0,
Gurkeerat Singh,2012,2020,3,"2014,2017,2018"
Gurnoor Brar,2023,2023,0,
H Das,2008,2008,0,
H Klaasen,2018,2026,3,"2020,2021,2022"
H Sharma,2023,2024,0,
HC Brook,2023,2023,0,
HE van der Dussen,2022,2022,0,
HF Gurney,2019,2019,0,
HH Gibbs,2008,2012,1,2011
HH Pandya,2015,2026,0,
HM Amla,2016,2017,0,
HR Shokeen,2022,2023,0,
HV Patel,2012,2026,1,2013
Harbhajan Singh,2008,2021,1,2020
Harmeet Singh,2009,2013,0,
Harpreet Brar,2019,2026,0,
Harpreet Singh,2011,2024,10,"2013,2014,2015,2016,2017,2018,2019,2020,2021,2022"
Harsh Dubey,2025,2026,0,
Harshit Rana,2022,2025,0,
Himmat Singh,2026,2026,0,
I Malhotra,2011,2011,0,
I Sharma,2008,2025,3,"2012,2018,2022"
I Udana,2020,2020,0,
IC Pandey,2013,2015,0,
IC Porel,2021,2021,0,
IK Pathan,2008,2017,1,2015
IR Jaggi,2011,2017,4,"2013,2014,2015,2016"
IS Sodhi,2018,2019,0,
Imran Tahir,2014,2021,0,
Iqbal Abdulla,2008,2017,1,2009
Ishan Kishan,2016,2026,0,
J Arunkumar,2008,2008,0,
J Botha,2009,2015,2,"2010,2014"
J Fraser-McGurk,2024,2025,0,
J Little,2023,2024,0,
J Overton,2025,2026,0,
J Suchith,2015,2022,3,"2017,2018,2020"
J Syed Mohammad,2011,2013,0,
J Theron,2010,2015,3,"2011,2013,2014"
J Yadav,2015,2023,2,"2018,2022"
JA Duffy,2026,2026,0,
JA Morkel,2008,2016,0,
JA Richardson,2021,2024,2,"2022,2023"
JC Archer,2018,2026,3,"2021,2022,2024"
JC Buttler,2016,2026,0,
JD Ryder,2009,2012,1,2010
JD Unadkat,2010,2026,0,
JDP Oram,2008,2013,2,"2010,2012"
JDS Neesham,2014,2022,5,"2015,2016,2017,2018,2019"
JE Root,2023,2023,0,
JE Taylor,2011,2011,0,
JEC Franklin,2011,2012,0,
JG Bethell,2025,2026,0,
JH Kallis,2008,2014,0,
JJ Bumrah,2013,2026,1,2023
JJ Roy,2017,2023,3,"2019,2020,2022"
JJ van der Wath,2011,2011,0,
JL Denly,2019,2019,0,
JL Pattinson,2020,2020,0,
JM Bairstow,2019,2025,1,2023
JM Kemp,2010,2010,0,
JM Sharma,2022,2026,0,
JO Holder,2013,2026,6,"2015,2017,2018,2019,2024,2025"
JP Behrendorff,2019,2023,3,"2020,2021,2022"
JP Duminy,2009,2018,2,"2013,2017"
JP Faulkner,2011,2017,0,
JP Inglis,2025,2026,0,
JPR Scantlebury-Searles,2018,2018,0,
JR Hazlewood,2020,2026,1,2024
JR Hopes,2008,2011,2,"2009,2010"
JR Philippe,2020,2020,0,
JW Hastings,2014,2016,1,2015
Jalaj S Saxena,2021,2021,0,
Jaskaran Singh,2009,2010,0,
Joginder Sharma,2008,2011,0,
K Goel,2008,2010,0,
K Gowtham,2018,2024,1,2021
K Kartikeya,2022,2025,1,2024
K Khejroliya,2018,2026,4,"2020,2021,2022,2024"
K Rabada,2017,2026,1,2018
K Santokie,2014,2014,0,
K Upadhyay,2012,2013,0,
K Yadav,2021,2023,1,2022
KA Jamieson,2021,2026,3,"2022,2023,2024"
KA Maharaj,2024,2024,0,
KA Pollard,2010,2022,0,
KAJ Roach,2010,2010,0,
KB Arun Karthik,2010,2013,1,2012
KC Cariappa,2015,2019,1,2018
KC Sangakkara,2008,2013,0,
KD Karthik,2008,2024,0,
KH Pandya,2016,2026,0,
KJ Abbott,2016,2016,0,
KK Ahmed,2018,2026,0,
KK Cooper,2012,2014,0,
KK Nair,2013,2026,3,"2021,2023,2024"
KL Nagarkoti,2020,2022,0,
KL Rahul,2013,2026,1,2017
KM Asif,2018,2023,3,"2019,2020,2022"
KM Jadhav,2010,2023,2,"2012,2022"
KMA Paul,2019,2019,0,
KMDN Kulasekara,2011,2012,0,
KP Appanna,2009,2012,1,2011
KP Pietersen,2009,2016,3,"2011,2013,2015"
KR Mayers,2023,2023,0,
KR Sen,2022,2024,0,
KS Bharat,2021,2022,0,
KS Rathore,2025,2025,0,
KS Sharma,2022,2023,0,
KS Williamson,2015,2024,1,2023
KT Maphaka,2024,2025,0,
KV Sharma,2009,2025,5,"2010,2011,2012,2021,2022"
KW Richardson,2013,2021,5,"2015,2017,2018,2019,2020"
Kamran Akmal,2008,2008,0,
Kamran Khan,2009,2011,0,
Karanveer Singh,2014,2015,0,
Karim Janat,2025,2025,0,
Kartik Sharma,2026,2026,0,
Kartik Tyagi,2020,2026,1,2025
Krish Bhagat,2026,2026,0,
Kuldeep Yadav,2016,2026,1,2021
Kumar Kushagra,2024,2026,1,2025
L Ablish,2010,2011,0,
L Balaji,2008,2014,0,
L Ngidi,2018,2026,4,"2019,2022,2023,2024"
L Ronchi,2008,2009,0,
L Wood,2024,2024,0,
LA Carseldine,2009,2009,0,
LA Pomersbach,2008,2013,2,"2010,2012"
LB Williams,2024,2024,0,
LE Plunkett,2018,2018,0,
LG Pretorius,2026,2026,0,
LH Ferguson,2017,2026,1,2018
LI Meriwala,2021,2021,0,
LJ Wright,2012,2013,0,
LMP Simmons,2014,2017,0,
LPC Silva,2008,2008,0,
LR Shukla,2008,2014,0,
LRPL Taylor,2008,2014,0,
LS Livingstone,2019,2026,1,2020
Lalit Yadav,2021,2024,0,
Liton Das,2023,2023,0,
M Ashwin,2016,2023,1,2017
M Jansen,2021,2026,0,
M Kaif,2008,2012,1,2009
M Kartik,2008,2014,0,
M Klinger,2011,2011,0,
M Manhas,2009,2014,0,
M Markande,2018,2026,2,"2020,2025"
M Morkel,2009,2016,0,
M Muralitharan,2008,2014,0,
M Ntini,2008,2008,0,
M Pathirana,2022,2026,0,
M Prasidh Krishna,2018,2026,2,"2023,2024"
M Rawat,2008,2013,3,"2010,2011,2012"
M Shahrukh Khan,2021,2026,0,
M Siddharth,2024,2026,0,
M Theekshana,2022,2025,0,
M Tiwari,2025,2026,0,
M Vijay,2009,2020,1,2017
M Vohra,2013,2023,2,"2019,2020"
M de Lange,2012,2015,1,2013
MA Agarwal,2011,2025,0,
MA Khote,2008,2008,0,
MA Starc,2014,2026,8,"2016,2017,2018,2019,2020,2021,2022,2023"
MA Wood,2018,2023,4,"2019,2020,2021,2022"
MB Parmar,2010,2010,0,
MC Henriques,2009,2021,5,"2011,2012,2018,2019,2020"
MC Juneja,2013,2013,0,
MD Choudhary,2026,2026,0,
MD Mishra,2010,2012,0,
MD Shanaka,2023,2026,2,"2024,2025"
MDKJ Perera,2013,2013,0,
MEK Hussey,2008,2015,1,2009
MF Maharoof,2008,2010,0,
MG Bracewell,2023,2023,0,
MG Johnson,2013,2018,0,
MG Neser,2013,2013,0,
MJ Clarke,2012,2012,0,
MJ Guptill,2016,2019,1,2018
MJ Henry,2017,2026,7,"2018,2019,2020,2021,2022,2023,2025"
MJ Lumb,2010,2011,0,
MJ McClenaghan,2015,2019,0,
MJ Owen,2025,2025,0,
MJ Santner,2019,2026,1,2021
MJ Suthar,2024,2026,1,2025
MK Lomror,2018,2024,0,
MK Pandey,2008,2026,0,
MK Tiwary,2008,2018,1,2016
ML Hayden,2008,2010,0,
MM Ali,2018,2025,0,
MM Patel,2008,2017,3,"2014,2015,2016"
MM Sharma,2013,2025,2,"2021,2022"
MN Samuels,2012,2017,3,"2014,2015,2016"
MN van Wyk,2009,2009,0,
MP Breetzke,2025,2025,0,
MP Stoinis,2016,2026,0,
MP Yadav,2024,2026,0,
MR Marsh,2010,2026,7,"2012,2014,2015,2017,2018,2019,2021"
MS Bhandage,2025,2025,0,
MS Bisla,2010,2015,0,
MS Dhoni,2008,2025,0,
MS Gony,2008,2017,3,"2014,2015,2016"
MS Wade,2011,2024,11,"2012,2013,2014,2015,2016,2017,2018,2019,2020,2021,2023"
MV Boucher,2008,2011,0,
MW Short,2023,2026,2,"2024,2025"
Mandeep Singh,2010,2023,1,2016
Mashrafe Mortaza,2009,2009,0,
Mayank Dagar,2023,2024,0,
Misbah-ul-Haq,2008,2008,0,
Mohammad Ashraful,2009,2009,0,
Mohammad Asif,2008,2008,0,
Mohammad Hafeez,2008,2008,0,
Mohammad Nabi,2017,2024,2,"2022,2023"
Mohammed Shami,2013,2026,2,"2015,2024"
Mohammed Siraj,2017,2026,0,
Mohit Rathee,2023,2023,0,
Mohsin Khan,2022,2026,1,2025
Monu Kumar,2020,2020,0,
Mujeeb Ur Rahman,2018,2025,3,"2022,2023,2024"
Mukesh Choudhary,2022,2026,1,2023
Mukesh Kumar,2023,2026,0,
Musheer Khan,2025,2025,0,
Mustafizur Rahman,2016,2025,2,"2019,2020"
N Burger,2024,2026,1,2025
N Jagadeesan,2020,2023,1,2021
N Pooran,2019,2026,0,
N Rana,2016,2026,0,
N Saini,2012,2012,0,
N Sindhu,2026,2026,0,
N Thushara,2024,2025,0,
N Wadhera,2023,2026,0,
NA Saini,2023,2023,0,
NB Singh,2017,2017,0,
ND Doshi,2010,2011,0,
NJ Maddinson,2014,2015,0,
NJ Rimmington,2011,2011,0,
NK Patel,2008,2009,0,
NL McCullum,2011,2011,0,
NLTC Perera,2010,2016,1,2014
NM Coulter-Nile,2013,2022,2,"2018,2019"
NS Naik,2016,2020,2,"2017,2018"
NT Ellis,2021,2025,0,
NV Ojha,2009,2018,0,
Naman Dhir,2024,2026,0,
Navdeep Saini,2019,2026,2,"2024,2025"
Naveen-ul-Haq,2023,2024,0,
Nithish Kumar Reddy,2023,2026,0,
Noor Ahmad,2023,2026,0,
O Thomas,2019,2019,0,
OA Shah,2010,2013,0,
OC McCoy,2022,2023,0,
OF Smith,2022,2022,0,
P Amarnath,2008,2008,0,
P Awana,2012,2014,0,
P Chopra,2018,2018,0,
P Dogra,2010,2013,1,2011
P Dubey,2020,2025,3,"2021,2022,2024"
P Kumar,2008,2017,0,
P Negi,2012,2019,0,
P Nissanka,2026,2026,0,
P Parameswaran,2011,2012,0,
P Prasanth,2011,2011,0,
P Ray Barman,2019,2019,0,
P Sahu,2016,2016,0,
P Simran Singh,2019,2026,0,
P Suyal,2013,2015,0,
PA Patel,2008,2019,0,
PA Reddy,2012,2013,0,
PBB Rajapaksa,2022,2023,0,
PC Valthaty,2009,2013,1,2010
PD Collingwood,2010,2010,0,
PD Salt,2023,2026,0,
PH Solanki,2022,2022,0,
PHKD Mendis,2025,2025,0,
PJ Cummins,2014,2026,4,"2016,2018,2019,2023"
PJ Sangwan,2008,2022,6,"2011,2014,2015,2019,2020,2021"
PK Garg,2020,2023,0,
PM Sarvesh Kumar,2008,2008,0,
PN Mankad,2022,2023,0,
PP Chawla,2008,2024,1,2022
PP Hinge,2026,2026,0,
PP Ojha,2008,2015,0,
PP Shaw,2018,2024,0,
PR Shah,2008,2011,1,2010
PR Veer,2026,2026,0,
PSP Handscomb,2016,2016,0,
PV Tambe,2013,2016,0,
PVD Chameera,2022,2026,1,2023
PVSN Raju,2025,2025,0,
PWA Mulder,2025,2025,0,
PWH de Silva,2021,2025,1,2024
Pankaj Singh,2008,2012,0,
Parvez Rasool,2013,2016,0,
Prince Yadav,2025,2026,0,
Priyansh Arya,2025,2026,0,
Q de Kock,2013,2026,1,2017
R Ashwin,2009,2025,1,2017
R Bhatia,2008,2017,0,
R Bishnoi,2009,2009,0,
R Dhawan,2013,2024,5,"2017,2018,2019,2020,2021"
R Dravid,2008,2013,0,
R Goyal,2023,2023,0,
R McLaren,2010,2013,1,2012
R Minz,2025,2026,0,
R Ninan,2011,2011,0,
R Parag,2019,2026,0,
R Powell,2022,2026,0,
R Rampaul,2013,2014,0,
R Ravindra,2024,2025,0,
R Sai Kishore,2022,2026,1,2023
R Sanjay Yadav,2022,2022,0,
R Sathish,2010,2016,3,"2012,2014,2015"
R Sharma,2010,2014,0,
R Shepherd,2022,2026,0,
R Shukla,2012,2014,0,
R Smaran,2026,2026,0,
R Tewatia,2014,2026,1,2016
R Vinay Kumar,2008,2018,0,
RA Bawa,2022,2026,2,"2023,2024"
RA Jadeja,2008,2026,1,2010
RA Shaikh,2009,2009,0,
RA Tripathi,2017,2025,0,
RD Chahar,2017,2026,1,2018
RD Gaikwad,2020,2026,0,
RD Rickelton,2025,2026,0,
RE Levi,2012,2012,0,
RE van der Merwe,2009,2013,0,
RG More,2015,2015,0,
RG Sharma,2008,2026,0,
RJ Gleeson,2024,2025,0,
RJ Harris,2009,2013,0,
RJ Peterson,2012,2012,0,
RJ Quiney,2009,2009,0,
RJW Topley,2023,2025,0,
RK Bhui,2018,2024,4,"2020,2021,2022,2023"
RK Singh,2018,2026,1,2021
RM Patidar,2021,2026,1,2023
RN ten Doeschate,2011,2015,0,
RP Meredith,2021,2023,0,
RP Singh,2008,2016,2,"2014,2015"
RR Bhatkal,2012,2012,0,
RR Bose,2009,2009,0,
RR Pant,2016,2026,1,2023
RR Powar,2008,2012,0,
RR Raje,2008,2009,0,
RR Rossouw,2014,2024,7,"2016,2017,2018,2019,2020,2021,2022"
RR Sarwan,2008,2008,0,
RS Bopara,2009,2015,4,"2011,2012,2013,2014"
RS Gavaskar,2010,2010,0,
RS Ghosh,2026,2026,0,
RS Hangargekar,2023,2023,0,
RS Sodhi,2010,2010,0,
RT Ponting,2008,2013,4,"2009,2010,2011,2012"
RV Gomez,2011,2013,1,2012
RV Patel,2021,2023,0,
RV Uthappa,2008,2022,0,
RW Price,2011,2011,0,
Raghu Sharma,2026,2026,0,
Rahmanullah Gurbaz,2023,2025,0,
Ramandeep Singh,2022,2026,1,2023
Rashid Khan,2017,2026,0,
Rasikh Salam,2019,2026,3,"2020,2021,2023"
Ravi Bishnoi,2020,2026,0,
Ravi Singh,2026,2026,0,
S Anirudha,2008,2014,1,2009
S Aravind,2011,2017,2,"2013,2014"
S Arora,2026,2026,0,
S Badree,2013,2017,2,"2015,2016"
S Badrinath,2008,2013,0,
S Chanderpaul,2008,2008,0,
S Dhawan,2008,2024,0,
S Dube,2019,2026,0,
S Gopal,2014,2024,2,"2017,2023"
S Joseph,2024,2024,0,
S Kaul,2013,2022,2,"2015,2016"
S Kaushik,2016,2017,0,
S Ladda,2010,2016,3,"2012,2014,2015"
S Lamichhane,2018,2019,0,
S Midhun,2019,2019,0,
S Nadeem,2011,2021,0,
S Narwal,2010,2013,2,"2011,2012"
S Rana,2011,2014,2,"2012,2013"
S Randiv,2011,2011,0,
S Sandeep Warrier,2019,2024,2,"2022,2023"
S Sohal,2008,2011,1,2010
S Sreesanth,2008,2013,1,2012
S Sriram,2010,2011,0,
S Tyagi,2009,2010,0,
S Vidyut,2008,2008,0,
SA Abbott,2015,2022,6,"2016,2017,2018,2019,2020,2021"
SA Asnodkar,2008,2011,0,
SA Yadav,2012,2026,1,2013
SB Bangar,2008,2009,0,
SB Dubey,2024,2026,0,
SB Jakati,2009,2017,2,"2013,2015"
SB Joshi,2008,2008,0,
SB Styris,2008,2011,1,2010
SB Wagh,2010,2011,0,
SC Ganguly,2008,2012,0,
SC Kuggeleijn,2019,2019,0,
SD Chitnis,2008,2012,1,2010
SD Hope,2024,2024,0,
SD Lad,2019,2019,0,
SE Bond,2010,2010,0,
SE Marsh,2008,2017,1,2009
SE Rutherford,2019,2026,4,"2020,2021,2023,2024"
SH Johnson,2024,2026,0,
SJ Srivastava,2010,2011,0,
SK Raina,2008,2021,1,2020
SK Rasheed,2025,2025,0,
SK Trivedi,2008,2013,0,
SK Warne,2008,2011,0,
SL Malinga,2009,2019,2,"2016,2018"
SM Boland,2016,2016,0,
SM Curran,2019,2025,1,2022
SM Harwood,2009,2009,0,
SM Katich,2008,2009,0,
SM Pollock,2008,2008,0,
SMSM Senanayake,2013,2013,0,
SN Khan,2015,2026,3,"2017,2024,2025"
SN Thakur,2015,2026,1,2016
SO Hetmyer,2019,2026,0,
SP Fleming,2008,2008,0,
SP Goswami,2008,2020,6,"2013,2014,2015,2016,2017,2019"
SP Jackson,2017,2022,4,"2018,2019,2020,2021"
SP Narine,2012,2026,0,
SPD Smith,2012,2021,1,2018
SR Dubey,2026,2026,0,
SR Tendulkar,2008,2013,0,
SR Watson,2008,2020,1,2009
SS Agarwal,2017,2017,0,
SS Cottrell,2020,2020,0,
SS Iyer,2015,2026,1,2023
SS Mishra,2026,2026,0,
SS Mundhe,2011,2011,0,
SS Prabhudessai,2022,2024,0,
SS Sarkar,2009,2009,0,
SS Shaikh,2009,2009,0,
SS Tiwary,2008,2021,3,"2014,2018,2019"
SSB Magala,2023,2023,0,
ST Jayasuriya,2008,2010,0,
STR Binny,2010,2019,0,
SU Parakh,2026,2026,0,
SV Samson,2013,2026,0,
SW Billings,2016,2022,2,"2020,2021"
SW Tait,2010,2013,0,
SZ Mulani,2024,2024,0,
Sachin Baby,2013,2021,5,"2014,2015,2018,2019,2020"
Sakib Hussain,2026,2026,0,
Salil Arora,2026,2026,0,
Salman Butt,2008,2008,0,
Sameer Rizvi,2024,2026,0,
Sandeep Sharma,2013,2026,0,
Sanvir Singh,2023,2024,0,
Saurav Chauhan,2024,2024,0,
Sediqullah Atal,2025,2025,0,
Shahbaz Ahmed,2020,2026,0,
Shahid Afridi,2008,2008,0,
Shakib Al Hasan,2011,2021,2,"2013,2020"
Shashank Singh,2022,2026,1,2023
Shivam Mavi,2018,2022,1,2019
Shivam Sharma,2014,2015,0,
Shivam Singh,2024,2024,0,
Shivang Kumar,2026,2026,0,
Shoaib Ahmed,2009,2009,0,
Shoaib Akhtar,2008,2008,0,
Shoaib Malik,2008,2008,0,
Shubman Gill,2018,2026,0,
Sikandar Raza,2023,2024,0,
Simarjeet Singh,2022,2025,1,2023
Sohail Tanvir,2008,2008,0,
Sumit Kumar,2024,2024,0,
Sunny Gupta,2012,2012,0,
Sunny Singh,2011,2011,0,
Suryansh Shedge,2025,2026,0,
Suyash Sharma,2023,2026,0,
Swapnil Singh,2016,2024,5,"2018,2019,2020,2021,2022"
T Banton,2020,2020,0,
T Dahiya,2026,2026,0,
T Henderson,2009,2009,0,
T Kohler-Cadmore,2024,2024,0,
T Kohli,2008,2009,0,
T Natarajan,2017,2026,2,"2018,2019"
T Shamsi,2016,2021,4,"2017,2018,2019,2020"
T Stubbs,2022,2026,0,
T Taibu,2008,2008,0,
T Thushara,2009,2010,0,
T Vijay,2026,2026,0,
TA Boult,2015,2026,0,
TD Paine,2011,2011,0,
TG Southee,2011,2023,3,"2012,2013,2020"
TH David,2021,2026,0,
TK Curran,2018,2021,1,2019
TL Seifert,2021,2026,3,"2023,2024,2025"
TL Suman,2009,2013,0,
TM Dilshan,2008,2013,0,
TM Head,2016,2026,6,"2018,2019,2020,2021,2022,2023"
TM Srivastava,2008,2009,0,
TP Sudhindra,2012,2012,0,
TR Birt,2011,2011,0,
TS Mills,2017,2022,4,"2018,2019,2020,2021"
TU Deshpande,2020,2026,1,2021
Tanush Kotian,2024,2024,0,
Tejas Baroka,2017,2017,0,
Tilak Varma,2022,2026,0,
U Kaul,2008,2008,0,
UA Birla,2013,2013,0,
UBT Chand,2011,2016,0,
UT Khawaja,2016,2016,0,
UT Yadav,2010,2024,1,2021
Umar Gul,2008,2008,0,
Umran Malik,2021,2024,0,
Urvil Patel,2025,2026,0,
V Kaverappa,2024,2024,0,
V Kohli,2008,2026,0,
V Nigam,2025,2026,0,
V Pratap Singh,2012,2012,0,
V Puthur,2025,2025,0,
V Sehwag,2008,2015,0,
V Shankar,2014,2025,2,"2015,2016"
V Suryavanshi,2025,2026,0,
V Viyaskanth,2024,2024,0,
VG Arora,2022,2026,0,
VH Zol,2014,2014,0,
VR Aaron,2011,2022,3,"2013,2018,2021"
VR Iyer,2021,2026,0,
VRV Singh,2008,2010,0,
VS Malik,2009,2014,1,2012
VS Yeligati,2008,2008,0,
VVS Laxman,2008,2011,0,
VY Mahesh,2008,2012,1,2011
Vijaykumar Vyshak,2023,2026,0,
Virat Singh,2021,2021,0,
Vishnu Vinod,2017,2026,7,"2018,2019,2020,2021,2022,2024,2025"
Vivrant Sharma,2023,2023,0,
W Jaffer,2008,2009,0,
W O'Rourke,2025,2025,0,
WA Mota,2008,2009,0,
WD Parnell,2011,2023,8,"2015,2016,2017,2018,2019,2020,2021,2022"
WG Jacks,2024,2026,0,
WP Saha,2008,2024,0,
WPUJC Vaas,2008,2010,0,
Washington Sundar,2017,2026,0,
X Thalaivan Sargunam,2013,2013,0,
XC Bartlett,2025,2026,0,
Y Gnaneswara Rao,2011,2011,0,
Y Nagar,2009,2012,0,
Y Prithvi Raj,2019,2019,0,
Y Venugopal Rao,2008,2014,1,2013
YA Abdulla,2009,2010,0,
YBK Jaiswal,2020,2026,0,
YK Pathan,2008,2019,0,
YS Chahal,2013,2026,0,
YV Dhull,2023,2023,0,
YV Takawale,2008,2014,4,"2010,2011,2012,2013"
Yash Dayal,2022,2025,0,
Yash Raj Punja,2026,2026,0,
Yash Thakur,2023,2026,0,
Yashpal Singh,2009,2009,0,
Younis Khan,2008,2008,0,
Yudhvir Singh,2023,2025,0,
Yuvraj Singh,2008,2019,1,2012
Z Khan,2008,2017,0,
Zeeshan Ansari,2025,2025,0,
